动账时间,动帐流水号,动账方向,动账金额,动账账户,动账场景,计费类型,子订单号,订单号,售后编号,下单时间,商品ID,商品名称,达人ID,达人名称,订单类型,订单实付应结,运费实付,实际平台补贴_运费,实际平台补贴,其他平台补贴,以旧换新抵扣,政府补贴平台垫资,实际达人补贴,实际抖音支付补贴,实际抖音月付营销补贴,银行补贴,订单退款,平台服务费,佣金,服务商佣金,渠道分成,招商服务费,站外推广费,其他分成,是否免佣,免佣金额,商户主体名称,备注
2026-04-20 01:52:13,'2026042001520516917470787155,入账,4.17,聚合账户,货款结算入账,小店自卖,'6925473854050893390,'6925473854050827854,'SS76295518263057659230098,2026-04-09 17:10:13,'3806822440240283911,早秋复古拼色醋酸抓夹女后脑勺盘发夹高级感鲨鱼夹气质百搭款头饰,,,普通订单,4.39,0,0,0,0,0,0,0,0,0,0,0,-0.22,0,0,0,0,0,0,否,0,义乌市玫阳电子商务商行（个体工商户）,订单结算
2026-04-20 01:52:13,'2026042001520806632289717155,入账,1.26,聚合账户,货款结算入账,小店自卖,'6925582428826533378,'6925582428826533378,'SS76296139852554406920136,2026-04-13 23:14:43,'3807195600034856977,紫色玫瑰花木簪夏季发簪网纱花朵发钗古风簪花头饰气质国风发饰女,,,普通订单,3.33,0,0,0,0,0,0,0,0,0,0,-2,-0.07,0,0,0,0,0,0,否,0,义乌市玫阳电子商务商行（个体工商户）,订单结算
2026-04-20 02:03:56,'2026042002034741009810307155,入账,3.39,聚合账户,货款结算入账,小店自卖,'6925463231207407505,'6925463231207407505,'SS76296580950314682940149,2026-04-10 05:39:50,'3807215998982029325,2026新款牡丹花羽毛抓夹女高颜值轻奢精致鲨鱼夹高端气质抓夹发饰,,,普通订单,3.57,0,0,0,0,0,0,0,0,0,0,0,-0.18,0,0,0,0,0,0,否,0,义乌市玫阳电子商务商行（个体工商户）,订单结算
2026-04-20 03:34:20,'2026042003341622490975247155,入账,3.39,聚合账户,货款结算入账,小店自卖,'6951947479273969192,'6951947479273969192,'SS76295575591755658620112,2026-04-10 08:32:02,'3807215998982029325,2026新款牡丹花羽毛抓夹女高颜值轻奢精致鲨鱼夹高端气质抓夹发饰,,,普通订单,3.57,0,0,0,0,0,0,0,0,0,0,0,-0.18,0,0,0,0,0,0,否,0,义乌市玫阳电子商务商行（个体工商户）,订单结算
2026-04-20 03:34:20,'2026042003341531640128437155,入账,5.87,聚合账户,货款结算入账,小店自卖,'6925566952101084456,'6925566952101084456,'SS76295871507534321070142,2026-04-14 08:35:10,'3808318474044965225,中国风孔雀盘发器女生古典旗袍发饰丸子懒人高级感饰品优雅发夹,,,普通订单,6.18,0,0,0,0,0,0,0,0,0,0,0,-0.31,0,0,0,0,0,0,否,0,义乌市玫阳电子商务商行（个体工商户）,订单结算
2026-04-20 03:34:20,'2026042003341428409042337155,入账,2.81,聚合账户,货款结算入账,小店自卖,'6925482247353499520,'6925482247353499520,'SS76295533481523943030162,2026-04-09 19:30:04,'3811086962769658167,韩国发夹横夹头饰妈妈新款盘发后脑勺高档水钻头发大号鸭嘴发发饰,,,普通订单,2.96,0,0,0,0,0,0,0,0,0,0,0,-0.15,0,0,0,0,0,0,否,0,义乌市玫阳电子商务商行（个体工商户）,订单结算
2026-04-20 03:34:20,'2026042003341614351245227155,入账,5.87,聚合账户,货款结算入账,小店自卖,'6925580485011995756,'6925580485011995756,'SS76296590826226813790136,2026-04-14 07:20:03,'3808318474044965225,中国风孔雀盘发器女生古典旗袍发饰丸子懒人高级感饰品优雅发夹,,,普通订单,6.18,0,0,0,0,0,0,0,0,0,0,0,-0.31,0,0,0,0,0,0,否,0,义乌市玫阳电子商务商行（个体工商户）,订单结算
2026-04-20 03:34:20,'2026042003341616992507287155,入账,3.22,聚合账户,货款结算入账,小店自卖,'6951944956785923113,'6951944956785923113,'SS76295533849500393340210,2026-04-09 19:51:16,'3808318474044965225,中国风孔雀盘发器女生古典旗袍发饰丸子懒人高级感饰品优雅发夹,,,普通订单,3.39,0,0,0,0,0,0,0,0,0,0,0,-0.17,0,0,0,0,0,0,否,0,义乌市玫阳电子商务商行（个体工商户）,订单结算
2026-04-20 03:34:37,'2026042003343233312279397155,入账,2.81,聚合账户,货款结算入账,巨量千川,'6951950753480381724,'6951950753480381724,'SS76296599115487852040199,2026-04-10 16:40:23,'3811086962769658167,韩国发夹横夹头饰妈妈新款盘发后脑勺高档水钻头发大号鸭嘴发发饰,,,普通订单,0.01,0,0,2.95,0,0,0,0,0,0,0,0,-0.15,0,0,0,0,0,0,,0,义乌市玫阳电子商务商行（个体工商户）,订单结算
2026-04-20 03:34:37,'2026042003343303023181437155,入账,2.44,聚合账户,货款结算入账,小店自卖,'6925479072546193297,'6925479072546193297,'SS76296580995440358490126,2026-04-10 05:41:00,'3807215998982029325,2026新款牡丹花羽毛抓夹女高颜值轻奢精致鲨鱼夹高端气质抓夹发饰,,,普通订单,2.57,0,0,0,0,0,0,0,0,0,0,0,-0.13,0,0,0,0,0,0,否,0,义乌市玫阳电子商务商行（个体工商户）,订单结算
2026-04-20 03:34:37,'2026042003343424595663557155,入账,8.71,聚合账户,货款结算入账,小店自卖,'6925481243578367838,'6925481243578367838,'SS76296068647417121280076,2026-04-10 10:16:50,'3806822440240283911,早秋复古拼色醋酸抓夹女后脑勺盘发夹高级感鲨鱼夹气质百搭款头饰,,,普通订单,9.17,0.98,0,0,0,0,0,0,0,0,0,0,-0.46,0,0,0,0,0,0,否,0,义乌市玫阳电子商务商行（个体工商户）,订单结算
2026-04-20 03:34:37,'2026042003343324299773877155,入账,3.57,聚合账户,货款结算入账,小店自卖,'6925465335615684471,'6925465335615684471,'SS76296071696054891930206,2026-04-09 21:28:53,'3811098977965834270,韩系复古豹纹kt猫三角抓夹女发饰后脑勺发夹鲨鱼夹盘发头饰发饰品,,,普通订单,3.76,0,0,0,0,0,0,0,0,0,0,0,-0.19,0,0,0,0,0,0,否,0,义乌市玫阳电子商务商行（个体工商户）,订单结算
2026-04-20 03:34:37,'2026042003343341777894747155,入账,3.1,聚合账户,货款结算入账,小店自卖,'6952077324434740758,'6952077324434740758,'SS76296858830896172150197,2026-04-14 21:43:53,'3806649052561539077,复古新款碎花面纱双层大肠发圈气质丸子头绳高级感低马尾发绳发饰,,,普通订单,3.26,0,0,0,0,0,0,0,0,0,0,0,-0.16,0,0,0,0,0,0,否,0,义乌市玫阳电子商务商行（个体工商户）,订单结算
2026-04-20 03:35:31,'2026042003352808266225187155,入账,3.78,聚合账户,货款结算入账,小店自卖,'6925647839899778577,'6925647839899778577,'SS76296696742634457960062,2026-04-16 14:55:14,'3807906097046618343,高级感黑色蝴蝶结抓夹女双面满天星泡泡鲨鱼夹后脑勺显发量发夹,,,普通订单,0.98,0,0,3,0,0,0,0,0,0,0,0,-0.2,0,0,0,0,0,0,否,0,义乌市玫阳电子商务商行（个体工商户）,订单结算
2026-04-20 03:35:31,'2026042003352820439701007155,入账,5.87,聚合账户,货款结算入账,小店自卖,'6952062653441250760,'6952062653441250760,'SS76295118279905124190226,2026-04-14 08:09:42,'3808318474044965225,中国风孔雀盘发器女生古典旗袍发饰丸子懒人高级感饰品优雅发夹,,,普通订单,1.38,0,0,4.8,0,0,0,0,0,0,0,0,-0.31,0,0,0,0,0,0,否,0,义乌市玫阳电子商务商行（个体工商户）,订单结算
2026-04-20 03:35:31,'2026042003352703821570967155,入账,3.05,聚合账户,货款结算入账,小店自卖,'6951941661673067864,'6951941661673067864,'SS76296602599550817690109,2026-04-10 14:52:14,'3809990713068880312,甜美森系花朵鸭嘴夹女后脑勺盘发超仙新款头饰早春清新高级感发夹,,,普通订单,3.21,0,0,0,0,0,0,0,0,0,0,0,-0.16,0,0,0,0,0,0,否,0,义乌市玫阳电子商务商行（个体工商户）,订单结算
2026-04-20 03:35:31,'2026042003352630088399787155,入账,5.87,聚合账户,货款结算入账,小店自卖,'6925647394440576441,'6925647394440576441,'SS76297083895025710430015,2026-04-16 11:00:02,'3808318474044965225,中国风孔雀盘发器女生古典旗袍发饰丸子懒人高级感饰品优雅发夹,,,普通订单,6.18,0,0,0,0,0,0,0,0,0,0,0,-0.31,0,0,0,0,0,0,否,0,义乌市玫阳电子商务商行（个体工商户）,订单结算
2026-04-20 03:35:31,'2026042003352740769789797155,入账,6.11,聚合账户,货款结算入账,小店自卖,'6951937666153846250,'6951937666153846250,'SS76295517985729459610013,2026-04-09 11:00:17,'3811085218861940964,超仙蝴蝶大号盘发抓夹女2026新款高级感发夹后脑勺鲨鱼夹头饰ins,,,普通订单,6.43,0,0,0,0,0,0,0,0,0,0,0,-0.32,0,0,0,0,0,0,否,0,义乌市玫阳电子商务商行（个体工商户）,订单结算
2026-04-20 03:35:47,'2026042003354337709745077155,入账,3.57,聚合账户,货款结算入账,小店自卖,'6925591236624285276,'6925591236624285276,'SS76295935420124367720227,2026-04-14 11:24:00,'3808318474044965225,中国风孔雀盘发器女生古典旗袍发饰丸子懒人高级感饰品优雅发夹,,,普通订单,3.76,0,0,0,0,0,0,0,0,0,0,0,-0.19,0,0,0,0,0,0,否,0,义乌市玫阳电子商务商行（个体工商户）,订单结算
2026-04-20 03:42:08,'2026042003420240864486817155,入账,1.79,聚合账户,货款结算入账,小店自卖,'6925529121216888472,'6925529121216888472,'SS76296907321771302910034,2026-04-12 11:17:10,'3808318474044965225,中国风孔雀盘发器女生古典旗袍发饰丸子懒人高级感饰品优雅发夹,,,普通订单,1.88,0,0,0,0,0,0,0,0,0,0,0,-0.09,0,0,0,0,0,0,否,0,义乌市玫阳电子商务商行（个体工商户）,订单结算
2026-04-20 03:42:08,'2026042003420410699290067155,入账,6.33,聚合账户,货款结算入账,小店自卖,'6952027797452690573,'6952027797452690573,'SS76294737654746322270112,2026-04-13 00:46:49,'3807906097046618343,高级感黑色蝴蝶结抓夹女双面满天星泡泡鲨鱼夹后脑勺显发量发夹,,,普通订单,6.66,0,0,0,0,0,0,0,0,0,0,0,-0.33,0,0,0,0,0,0,,0,义乌市玫阳电子商务商行（个体工商户）,订单结算
2026-04-20 03:42:08,'2026042003420419475340997155,入账,3.39,聚合账户,货款结算入账,小店自卖,'6925478159952804956,'6925478159952804956,'SS76295573100927063540059,2026-04-09 18:40:05,'3807215998982029325,2026新款牡丹花羽毛抓夹女高颜值轻奢精致鲨鱼夹高端气质抓夹发饰,,,普通订单,3.57,0,0,0,0,0,0,0,0,0,0,0,-0.18,0,0,0,0,0,0,,0,义乌市玫阳电子商务商行（个体工商户）,订单结算
2026-04-20 03:42:08,'2026042003420331543299197155,入账,4.07,聚合账户,货款结算入账,小店自卖,'6925480494047788497,'6925480494047788497,'SS76296067985294833050048,2026-04-09 23:16:14,'3806830319366177197,发圈式啪啪圈~秋冬美拉德系懒人高马尾啪啪圈复古固定不塌神器,,,普通订单,4.28,0,0,0,0,0,0,0,0,0,0,0,-0.21,0,0,0,0,0,0,否,0,义乌市玫阳电子商务商行（个体工商户）,订单结算
2026-04-20 03:42:08,'2026042003420326265853987155,入账,3.39,聚合账户,货款结算入账,小店自卖,'6925515368278949455,'6925515368278949455,'SS76296146911835796860001,2026-04-11 09:08:25,'3807215998982029325,2026新款牡丹花羽毛抓夹女高颜值轻奢精致鲨鱼夹高端气质抓夹发饰,,,普通订单,3.57,0,0,0,0,0,0,0,0,0,0,0,-0.18,0,0,0,0,0,0,否,0,义乌市玫阳电子商务商行（个体工商户）,订单结算
2026-04-20 03:42:22,'2026042003421838599237557155,入账,3.39,聚合账户,货款结算入账,小店自卖,'6951960863740991257,'6951960863740991257,'SS76295574348154844220235,2026-04-10 09:06:32,'3807215998982029325,2026新款牡丹花羽毛抓夹女高颜值轻奢精致鲨鱼夹高端气质抓夹发饰,,,普通订单,3.57,0,0,0,0,0,0,0,0,0,0,0,-0.18,0,0,0,0,0,0,否,0,义乌市玫阳电子商务商行（个体工商户）,订单结算
2026-04-20 03:42:22,'2026042003421633693250927155,入账,2.66,聚合账户,货款结算入账,精选联盟,'6925526456721636947,'6925526456721636947,'SS76295463870347187350199,2026-04-12 09:30:48,'3811086962769658167,韩国发夹横夹头饰妈妈新款盘发后脑勺高档水钻头发大号鸭嘴发发饰,'0,,普通订单,0.01,0,0,2.95,0,0,0,0,0,0,0,0,-0.15,0,0,0,0,-0.15,0,,0,义乌市玫阳电子商务商行（个体工商户）,订单结算
2026-04-20 03:42:22,'2026042003421719192548477155,入账,8.44,聚合账户,货款结算入账,小店自卖,'6951922395156845928,'6951922395156845928,'SS76295518076352435390236,2026-04-09 15:46:41,'3808318474044965225,中国风孔雀盘发器女生古典旗袍发饰丸子懒人高级感饰品优雅发夹,,,普通订单,8.88,0,0,0,0,0,0,0,0,0,0,0,-0.44,0,0,0,0,0,0,否,0,义乌市玫阳电子商务商行（个体工商户）,订单结算
2026-04-20 03:42:22,'2026042003421709446200957155,入账,3.57,聚合账户,货款结算入账,小店自卖,'6952023689028310787,'6952023689028310787,'SS76297176020504417680144,2026-04-13 11:30:10,'3808318474044965225,中国风孔雀盘发器女生古典旗袍发饰丸子懒人高级感饰品优雅发夹,,,普通订单,3.76,0,0,0,0,0,0,0,0,0,0,0,-0.19,0,0,0,0,0,0,否,0,义乌市玫阳电子商务商行（个体工商户）,订单结算
2026-04-20 03:42:22,'2026042003421739011126397155,入账,5.96,聚合账户,货款结算入账,小店自卖,'6951931287985788044,'6951931287985788044,'SS76296075904987346320034,2026-04-09 15:36:47,'3807215998982029325,2026新款牡丹花羽毛抓夹女高颜值轻奢精致鲨鱼夹高端气质抓夹发饰,,,普通订单,6.27,0,0,0,0,0,0,0,0,0,0,0,-0.31,0,0,0,0,0,0,否,0,义乌市玫阳电子商务商行（个体工商户）,订单结算
2026-04-20 03:42:34,'2026042003423020524075887155,入账,5.1,聚合账户,货款结算入账,小店自卖,'6951938407054579151,'6951938407054579151,'SS76295518393776873380226,2026-04-09 18:03:47,'3806822440240283911,早秋复古拼色醋酸抓夹女后脑勺盘发夹高级感鲨鱼夹气质百搭款头饰,,,普通订单,5.37,0.98,0,0,0,0,0,0,0,0,0,0,-0.27,0,0,0,0,0,0,否,0,义乌市玫阳电子商务商行（个体工商户）,订单结算
2026-04-20 03:42:34,'2026042003423020101045957155,入账,3.39,聚合账户,货款结算入账,小店自卖,'6925471680344850080,'6925471680344850080,'SS76295575461395340950250,2026-04-09 20:39:48,'3807215998982029325,2026新款牡丹花羽毛抓夹女高颜值轻奢精致鲨鱼夹高端气质抓夹发饰,,,普通订单,3.57,0,0,0,0,0,0,0,0,0,0,0,-0.18,0,0,0,0,0,0,否,0,义乌市玫阳电子商务商行（个体工商户）,订单结算
2026-04-20 03:42:35,'2026042003422916111252907155,入账,3.37,聚合账户,货款结算入账,小店自卖,'6925522635287134069,'6925522635287134069,'SS76285637718919580500007,2026-04-11 16:51:51,'3806648837628625645,春秋新款彩色蝴蝶结发圈女中式双色蝴蝶结大肠发圈格纹小熊发绳,,,普通订单,6.74,0,0,0.81,0,0,0,0,0,0,0,-4,-0.18,0,0,0,0,0,0,否,0,义乌市玫阳电子商务商行（个体工商户）,订单结算
2026-04-20 03:42:35,'2026042003423024988267947155,入账,2.81,聚合账户,货款结算入账,巨量千川,'6925538381362199911,'6925538381362199911,'SS76295967030553315940055,2026-04-12 17:31:25,'3811086962769658167,韩国发夹横夹头饰妈妈新款盘发后脑勺高档水钻头发大号鸭嘴发发饰,,,普通订单,0.01,0,0,2.95,0,0,0,0,0,0,0,0,-0.15,0,0,0,0,0,0,,0,义乌市玫阳电子商务商行（个体工商户）,订单结算
2026-04-20 03:42:35,'2026042003423109735380847155,入账,2.81,聚合账户,货款结算入账,小店自卖,'6951934441978009561,'6951934441978009561,'SS76295996239334979020047,2026-04-10 08:51:33,'3811086962769658167,韩国发夹横夹头饰妈妈新款盘发后脑勺高档水钻头发大号鸭嘴发发饰,,,普通订单,2.96,0,0,0,0,0,0,0,0,0,0,0,-0.15,0,0,0,0,0,0,否,0,义乌市玫阳电子商务商行（个体工商户）,订单结算
2026-04-20 03:42:48,'2026042003424330543060907155,入账,3.39,聚合账户,货款结算入账,小店自卖,'6925472142587362818,'6925472142587362818,'SS76295574294242268570108,2026-04-09 23:19:41,'3807215998982029325,2026新款牡丹花羽毛抓夹女高颜值轻奢精致鲨鱼夹高端气质抓夹发饰,,,普通订单,3.57,0,0,0,0,0,0,0,0,0,0,0,-0.18,0,0,0,0,0,0,否,0,义乌市玫阳电子商务商行（个体工商户）,订单结算
2026-04-20 03:42:48,'2026042003424436997046127155,入账,8.71,聚合账户,货款结算入账,小店自卖,'6925486048950386489,'6925486048950386489,'SS76296603755304596900110,2026-04-10 16:18:20,'3806822440240283911,早秋复古拼色醋酸抓夹女后脑勺盘发夹高级感鲨鱼夹气质百搭款头饰,,,普通订单,9.17,0.98,0,0,0,0,0,0,0,0,0,0,-0.46,0,0,0,0,0,0,否,0,义乌市玫阳电子商务商行（个体工商户）,订单结算
2026-04-20 03:42:48,'2026042003424506671240107155,入账,5.1,聚合账户,货款结算入账,小店自卖,'6951951869338850903,'6951951869338850903,'SS76295536240412428900007,2026-04-09 23:15:26,'3806822440240283911,早秋复古拼色醋酸抓夹女后脑勺盘发夹高级感鲨鱼夹气质百搭款头饰,,,普通订单,5.37,0.98,0,0,0,0,0,0,0,0,0,0,-0.27,0,0,0,0,0,0,否,0,义乌市玫阳电子商务商行（个体工商户）,订单结算
2026-04-20 03:42:48,'2026042003424427823967267155,入账,3.39,聚合账户,货款结算入账,小店自卖,'6951924862203205228,'6951924862203205228,'SS76295575525746445180001,2026-04-09 21:14:09,'3807215998982029325,2026新款牡丹花羽毛抓夹女高颜值轻奢精致鲨鱼夹高端气质抓夹发饰,,,普通订单,3.57,0,0,0,0,0,0,0,0,0,0,0,-0.18,0,0,0,0,0,0,否,0,义乌市玫阳电子商务商行（个体工商户）,订单结算
2026-04-20 05:25:28,'2026042005252319430607627155,入账,16.61,聚合账户,货款结算入账,小店自卖,'6925467414725950882,'6925467414725950882,'SS76295533856881057790079,2026-04-09 19:35:13,'3806648837628625645,春秋新款彩色蝴蝶结发圈女中式双色蝴蝶结大肠发圈格纹小熊发绳,,,普通订单,17.48,0,0,0,0,0,0,0,0,0,0,0,-0.87,0,0,0,0,0,0,否,0,义乌市玫阳电子商务商行（个体工商户）,订单结算
2026-04-20 05:25:28,'2026042005252227438618107155,入账,4.43,聚合账户,货款结算入账,小店自卖,'6925541192125939578,'6925541192125939578,'SS76297552383629729800108,2026-04-13 07:37:27,'3808322541261553780,新款水钻珠子花朵6厘米中号抓夹后脑勺洋气盘发夹时尚半扎鲨鱼夹,,,普通订单,4.66,0,0,0,0,0,0,0,0,0,0,0,-0.23,0,0,0,0,0,0,否,0,义乌市玫阳电子商务商行（个体工商户）,订单结算
2026-04-20 05:25:28,'2026042005252329989811707155,入账,5.87,聚合账户,货款结算入账,小店自卖,'6952091272517850516,'6952091272517850516,'SS76297085445347909550073,2026-04-15 12:39:18,'3808318474044965225,中国风孔雀盘发器女生古典旗袍发饰丸子懒人高级感饰品优雅发夹,,,普通订单,6.18,0,0,0,0,0,0,0,0,0,0,0,-0.31,0,0,0,0,0,0,,0,义乌市玫阳电子商务商行（个体工商户）,订单结算
2026-04-20 05:25:28,'2026042005252102294584827155,入账,2.81,聚合账户,货款结算入账,小店自卖,'6925536533295103785,'6925536533295103785,'SS76296976640539369220094,2026-04-11 23:55:09,'3811086962769658167,韩国发夹横夹头饰妈妈新款盘发后脑勺高档水钻头发大号鸭嘴发发饰,,,普通订单,2.96,0,0,0,0,0,0,0,0,0,0,0,-0.15,0,0,0,0,0,0,否,0,义乌市玫阳电子商务商行（个体工商户）,订单结算
2026-04-20 05:25:28,'2026042005252203998520827155,入账,3.95,聚合账户,货款结算入账,小店自卖,'6925591703927422196,'6925591703927422196,'SS76297172760538161050205,2026-04-14 14:49:21,'3806831736680218676,复古小香风蝴蝶结抓夹女2026新款美拉德百搭发夹大号后脑勺鲨鱼夹,,,普通订单,4.16,0,0,0,0,0,0,0,0,0,0,0,-0.21,0,0,0,0,0,0,否,0,义乌市玫阳电子商务商行（个体工商户）,订单结算
2026-04-20 05:25:47,'2026042005254239007854587155,入账,3.57,聚合账户,货款结算入账,小店自卖,'6952046103625144270,'6952046103625144270,'SS76297167684930155670085,2026-04-13 13:33:16,'3808318474044965225,中国风孔雀盘发器女生古典旗袍发饰丸子懒人高级感饰品优雅发夹,,,普通订单,3.76,0,0,0,0,0,0,0,0,0,0,0,-0.19,0,0,0,0,0,0,,0,义乌市玫阳电子商务商行（个体工商户）,订单结算
2026-04-20 05:25:47,'2026042005254221088015877155,入账,4.33,聚合账户,货款结算入账,小店自卖,'6951940279307081438,'6951940279307081438,'SS76295518584781704190076,2026-04-09 17:19:22,'3806822440240283911,早秋复古拼色醋酸抓夹女后脑勺盘发夹高级感鲨鱼夹气质百搭款头饰,,,普通订单,4.56,0,0,0,0,0,0,0,0,0,0,0,-0.23,0,0,0,0,0,0,否,0,义乌市玫阳电子商务商行（个体工商户）,订单结算
2026-04-20 05:25:47,'2026042005254302600842747155,入账,4.17,聚合账户,货款结算入账,小店自卖,'6951929253402973327,'6951929253402973327,'SS76295518319495580420088,2026-04-09 16:10:47,'3806822440240283911,早秋复古拼色醋酸抓夹女后脑勺盘发夹高级感鲨鱼夹气质百搭款头饰,,,普通订单,4.39,0,0,0,0,0,0,0,0,0,0,0,-0.22,0,0,0,0,0,0,否,0,义乌市玫阳电子商务商行（个体工商户）,订单结算
2026-04-20 05:25:47,'2026042005254234399401067155,入账,1.79,聚合账户,货款结算入账,小店自卖,'6951951434468169050,'6951951434468169050,'SS76295533582444959240010,2026-04-09 20:15:22,'3808318474044965225,中国风孔雀盘发器女生古典旗袍发饰丸子懒人高级感饰品优雅发夹,,,普通订单,1.88,0,0,0,0,0,0,0,0,0,0,0,-0.09,0,0,0,0,0,0,否,0,义乌市玫阳电子商务商行（个体工商户）,订单结算
2026-04-20 05:25:47,'2026042005254123579899317155,入账,2.58,聚合账户,货款结算入账,精选联盟,'6925614915869244681,'6925614915869244681,'SS76296645027995323300067,2026-04-15 14:06:08,'3809969743033663599,2026新款韩系格子方巾大肠发圈高级慵懒风扎马尾发绳头绳大号发饰,'0,,普通订单,0.01,0,0,2.85,0,0,0,0,0,0,0,0,-0.14,0,0,0,0,-0.14,0,,0,义乌市玫阳电子商务商行（个体工商户）,订单结算
2026-04-20 05:27:35,'2026042005272924384801797155,入账,4.17,聚合账户,货款结算入账,小店自卖,'6925637240463719587,'6925637240463719587,'SS76297135901416330780038,2026-04-16 15:16:25,'3806822440240283911,早秋复古拼色醋酸抓夹女后脑勺盘发夹高级感鲨鱼夹气质百搭款头饰,,,普通订单,0.39,0,0,4,0,0,0,0,0,0,0,0,-0.22,0,0,0,0,0,0,否,0,义乌市玫阳电子商务商行（个体工商户）,订单结算
2026-04-20 05:33:18,'2026042005331436160310027155,入账,4.73,聚合账户,货款结算入账,小店自卖,'6925568033603812994,'6925568033603812994,'SS76296573284256156670220,2026-04-13 17:38:10,'3807018887908819056,新款法式水墨豹纹发夹简约高级感鸭嘴夹醋酸高端侧边夹发卡发饰品,,,普通订单,4.98,0,0,0,0,0,0,0,0,0,0,0,-0.25,0,0,0,0,0,0,,0,义乌市玫阳电子商务商行（个体工商户）,订单结算
2026-04-20 05:33:18,'2026042005331522668910187155,入账,4.21,聚合账户,货款结算入账,小店自卖,'6925556612440555368,'6925556612440555368,'SS76296353870565381580207,2026-04-13 07:56:45,'3811083722065838234,高颜值彩色豆豆发圈头绳扎头发马尾丸子头高弹力橡皮筋不伤发发绳,,,普通订单,4.43,0,0,0,0,0,0,0,0,0,0,0,-0.22,0,0,0,0,0,0,否,0,义乌市玫阳电子商务商行（个体工商户）,订单结算
2026-04-20 05:33:18,'2026042005331402146309397155,入账,3.95,聚合账户,货款结算入账,精选联盟,'6925605151541460015,'6925605151541460015,'SS76296995116018734490095,2026-04-14 14:56:30,'3806822440240283911,早秋复古拼色醋酸抓夹女后脑勺盘发夹高级感鲨鱼夹气质百搭款头饰,'0,,普通订单,4.39,0,0,0,0,0,0,0,0,0,0,0,-0.22,0,0,0,0,-0.22,0,,0,义乌市玫阳电子商务商行（个体工商户）,订单结算
2026-04-20 05:33:18,'2026042005331423729774627155,入账,5.87,聚合账户,货款结算入账,小店自卖,'6952026060177085464,'6952026060177085464,'SS76297285797755827390175,2026-04-13 14:43:34,'3808318474044965225,中国风孔雀盘发器女生古典旗袍发饰丸子懒人高级感饰品优雅发夹,,,普通订单,6.18,0,0,0,0,0,0,0,0,0,0,0,-0.31,0,0,0,0,0,0,否,0,义乌市玫阳电子商务商行（个体工商户）,订单结算
2026-04-20 05:33:18,'2026042005331425760570977155,入账,2.19,聚合账户,货款结算入账,小店自卖,'6925542266683489444,'6925542266683489444,'SS76294899677687321980060,2026-04-12 19:54:20,'3811107894108225647,韩系字母插梳女碎发刘海固定高级感头饰新款发夹后脑勺发梳头饰,,,普通订单,2.31,0,0,0,0,0,0,0,0,0,0,0,-0.12,0,0,0,0,0,0,否,0,义乌市玫阳电子商务商行（个体工商户）,订单结算
2026-04-20 05:38:04,'2026042005380112593772037155,入账,2.61,聚合账户,货款结算入账,精选联盟,'6925601736806465172,'6925601736806465172,'SS76296636051720445440246,2026-04-15 06:25:05,'3811083722065838234,高颜值彩色豆豆发圈头绳扎头发马尾丸子头高弹力橡皮筋不伤发发绳,'0,,普通订单,2.89,0,0,0,0,0,0,0,0,0,0,0,-0.14,0,0,0,0,-0.14,0,,0,义乌市玫阳电子商务商行（个体工商户）,订单结算
2026-04-20 05:38:04,'2026042005380010868493067155,入账,3.39,聚合账户,货款结算入账,小店自卖,'6925524853041823577,'6925524853041823577,'SS76295062380217469980051,2026-04-11 15:49:00,'3807215998982029325,2026新款牡丹花羽毛抓夹女高颜值轻奢精致鲨鱼夹高端气质抓夹发饰,,,普通订单,3.57,0,0,0,0,0,0,0,0,0,0,0,-0.18,0,0,0,0,0,0,否,0,义乌市玫阳电子商务商行（个体工商户）,订单结算
2026-04-20 05:38:04,'2026042005380105788636437155,入账,3.39,聚合账户,货款结算入账,小店自卖,'6925480485286150049,'6925480485286150049,'SS76295575554221675670129,2026-04-09 23:17:44,'3807215998982029325,2026新款牡丹花羽毛抓夹女高颜值轻奢精致鲨鱼夹高端气质抓夹发饰,,,普通订单,3.57,0,0,0,0,0,0,0,0,0,0,0,-0.18,0,0,0,0,0,0,否,0,义乌市玫阳电子商务商行（个体工商户）,订单结算
2026-04-20 05:38:04,'2026042005380030060754077155,入账,7.38,聚合账户,货款结算入账,小店自卖,'6952083525851747597,'6952083525851747597,'SS76296895005841984100219,2026-04-14 18:55:56,'3809969743033663599,2026新款韩系格子方巾大肠发圈高级慵懒风扎马尾发绳头绳大号发饰,,,普通订单,7.77,0,0,0,0,0,0,0,0,0,0,0,-0.39,0,0,0,0,0,0,否,0,义乌市玫阳电子商务商行（个体工商户）,订单结算
2026-04-20 05:38:04,'2026042005380028701171557155,入账,4.64,聚合账户,货款结算入账,小店自卖,'6951946875422119552,'6951946875422119552,'SS76296688733121131580250,2026-04-09 21:01:03,'3807027277926105416,气质抓夹大号发量多2026新款简约发夹女后脑勺鲨鱼夹高级感头饰,,,普通订单,1.88,0,0,3,0,0,0,0,0,0,0,0,-0.24,0,0,0,0,0,0,,0,义乌市玫阳电子商务商行（个体工商户）,订单结算
2026-04-20 05:39:32,'2026042005392825973230467155,入账,1.24,聚合账户,货款结算入账,小店自卖,'6951961487251346840,'6951961487251346840,'SS76296597566655862190191,2026-04-10 16:32:43,'3807215998982029325,2026新款牡丹花羽毛抓夹女高颜值轻奢精致鲨鱼夹高端气质抓夹发饰,,,普通订单,0.01,0,0,1.3,0,0,0,0,0,0,0,0,-0.07,0,0,0,0,0,0,否,0,义乌市玫阳电子商务商行（个体工商户）,订单结算
2026-04-20 05:39:32,'2026042005392807811241387155,入账,2.5,聚合账户,货款结算入账,小店自卖,'6925485974413212791,'6925485974413212791,'SS76296602565998354280171,2026-04-10 15:34:42,'3811087448025465311,缎面感大肠发圈气质扎头绳女简约丸子头百搭头饰品高级感轻奢显白,,,普通订单,2.63,0,0,0,0,0,0,0,0,0,0,0,-0.13,0,0,0,0,0,0,否,0,义乌市玫阳电子商务商行（个体工商户）,订单结算
2026-04-20 05:39:32,'2026042005392907765860207155,入账,5.1,聚合账户,货款结算入账,小店自卖,'6925485567638011726,'6925485567638011726,'SS76295961179738278400040,2026-04-10 12:26:01,'3806822440240283911,早秋复古拼色醋酸抓夹女后脑勺盘发夹高级感鲨鱼夹气质百搭款头饰,,,普通订单,5.12,0.98,0,0.25,0,0,0,0,0,0,0,0,-0.27,0,0,0,0,0,0,,0,义乌市玫阳电子商务商行（个体工商户）,订单结算
2026-04-20 05:39:32,'2026042005392908739556277155,入账,3.39,聚合账户,货款结算入账,小店自卖,'6925478757646237401,'6925478757646237401,'SS76296075814558436030159,2026-04-09 23:10:09,'3807215998982029325,2026新款牡丹花羽毛抓夹女高颜值轻奢精致鲨鱼夹高端气质抓夹发饰,,,普通订单,2.95,0,0,0.62,0,0,0,0,0,0,0,0,-0.18,0,0,0,0,0,0,,0,义乌市玫阳电子商务商行（个体工商户）,订单结算
2026-04-20 07:28:47,'2026042007284327559042927155,入账,3.57,聚合账户,货款结算入账,小店自卖,'6952119093796935438,'6952119093796935438,'SS76296982444415224680184,2026-04-16 05:10:10,'3808318474044965225,中国风孔雀盘发器女生古典旗袍发饰丸子懒人高级感饰品优雅发夹,,,普通订单,3.76,0,0,0,0,0,0,0,0,0,0,0,-0.19,0,0,0,0,0,0,否,0,义乌市玫阳电子商务商行（个体工商户）,订单结算
2026-04-20 07:28:47,'2026042007284241787400037155,入账,8.7,聚合账户,货款结算入账,精选联盟,'6925620548427087844,'6925620548427087844,'SS76297435399282406910163,2026-04-15 22:35:51,'3809969743033663599,2026新款韩系格子方巾大肠发圈高级慵懒风扎马尾发绳头绳大号发饰,'0,,普通订单,9.66,0,0,0,0,0,0,0,0,0,0,0,-0.48,0,0,0,0,-0.48,0,否,0,义乌市玫阳电子商务商行（个体工商户）,订单结算
2026-04-20 07:28:47,'2026042007284311727511397155,入账,3.57,聚合账户,货款结算入账,小店自卖,'6925552249273417303,'6925552249273417303,'SS76295810793305218980130,2026-04-12 23:41:58,'3808318474044965225,中国风孔雀盘发器女生古典旗袍发饰丸子懒人高级感饰品优雅发夹,,,普通订单,3.76,0,0,0,0,0,0,0,0,0,0,0,-0.19,0,0,0,0,0,0,否,0,义乌市玫阳电子商务商行（个体工商户）,订单结算
2026-04-20 07:28:47,'2026042007284201958551677155,入账,4.17,聚合账户,货款结算入账,小店自卖,'6952078626935674632,'6952078626935674632,'SS76295978843002516630147,2026-04-14 12:58:53,'3806822440240283911,早秋复古拼色醋酸抓夹女后脑勺盘发夹高级感鲨鱼夹气质百搭款头饰,,,普通订单,4.39,0,0,0,0,0,0,0,0,0,0,0,-0.22,0,0,0,0,0,0,否,0,义乌市玫阳电子商务商行（个体工商户）,订单结算
2026-04-20 07:28:47,'2026042007284433557875637155,入账,2.58,聚合账户,货款结算入账,精选联盟,'6952045390867994111,'6952045390867994111,'SS76296697909903242600137,2026-04-14 07:32:44,'3809969743033663599,2026新款韩系格子方巾大肠发圈高级慵懒风扎马尾发绳头绳大号发饰,'0,,普通订单,0.01,0,0,2.85,0,0,0,0,0,0,0,0,-0.14,0,0,0,0,-0.14,0,,0,义乌市玫阳电子商务商行（个体工商户）,订单结算
2026-04-20 07:29:24,'2026042007292205261724317155,入账,3.39,聚合账户,货款结算入账,小店自卖,'6951951194820318926,'6951951194820318926,'SS76295573036142267030025,2026-04-09 16:47:04,'3807215998982029325,2026新款牡丹花羽毛抓夹女高颜值轻奢精致鲨鱼夹高端气质抓夹发饰,,,普通订单,3.57,0,0,0,0,0,0,0,0,0,0,0,-0.18,0,0,0,0,0,0,否,0,义乌市玫阳电子商务商行（个体工商户）,订单结算
2026-04-20 07:29:24,'2026042007292009030541147155,入账,1.24,聚合账户,货款结算入账,小店自卖,'6951929644427187610,'6951929644427187610,'SS76295533418830241430034,2026-04-09 19:37:39,'3807215998982029325,2026新款牡丹花羽毛抓夹女高颜值轻奢精致鲨鱼夹高端气质抓夹发饰,,,普通订单,1.31,0,0,0,0,0,0,0,0,0,0,0,-0.07,0,0,0,0,0,0,否,0,义乌市玫阳电子商务商行（个体工商户）,订单结算
2026-04-20 07:29:24,'2026042007292104159736677155,入账,8.44,聚合账户,货款结算入账,小店自卖,'6952034171656476556,'6952034171656476556,'SS76296299066459097750191,2026-04-13 00:37:02,'3808318474044965225,中国风孔雀盘发器女生古典旗袍发饰丸子懒人高级感饰品优雅发夹,,,普通订单,8.88,0,0,0,0,0,0,0,0,0,0,0,-0.44,0,0,0,0,0,0,否,0,义乌市玫阳电子商务商行（个体工商户）,订单结算
2026-04-20 07:29:24,'2026042007292100006229007155,入账,8.44,聚合账户,货款结算入账,小店自卖,'6951942120383846367,'6951942120383846367,'SS76295518255753955840014,2026-04-09 16:10:58,'3808318474044965225,中国风孔雀盘发器女生古典旗袍发饰丸子懒人高级感饰品优雅发夹,,,普通订单,8.88,0,0,0,0,0,0,0,0,0,0,0,-0.44,0,0,0,0,0,0,否,0,义乌市玫阳电子商务商行（个体工商户）,订单结算
2026-04-20 07:29:24,'2026042007292134586670607155,入账,7.78,聚合账户,货款结算入账,小店自卖,'6951922468044216111,'6951922468044216111,'SS76295518158471498600082,2026-04-09 15:54:48,'3806822440240283911,早秋复古拼色醋酸抓夹女后脑勺盘发夹高级感鲨鱼夹气质百搭款头饰,,,普通订单,8.19,0,0,0,0,0,0,0,0,0,0,0,-0.41,0,0,0,0,0,0,否,0,义乌市玫阳电子商务商行（个体工商户）,订单结算
2026-04-20 07:29:53,'2026042007295016453470787155,入账,3.57,聚合账户,货款结算入账,小店自卖,'6952024948074288455,'6952024948074288455,'SS76297116979843899030249,2026-04-12 21:35:49,'3808318474044965225,中国风孔雀盘发器女生古典旗袍发饰丸子懒人高级感饰品优雅发夹,,,普通订单,0.01,0,0,3.75,0,0,0,0,0,0,0,0,-0.19,0,0,0,0,0,0,,0,义乌市玫阳电子商务商行（个体工商户）,订单结算
2026-04-20 07:29:53,'2026042007294831504310397155,入账,3.69,聚合账户,货款结算入账,小店自卖,'6951567433819166365,'6951567433819166365,'SS76295737888577953790154,2026-03-25 15:45:57,'3807215998982029325,2026新款牡丹花羽毛抓夹女高颜值轻奢精致鲨鱼夹高端气质抓夹发饰,,,普通订单,0.88,0,0,3,0,0,0,0,0,0,0,0,-0.19,0,0,0,0,0,0,否,0,义乌市玫阳电子商务商行（个体工商户）,订单结算
2026-04-20 07:29:53,'2026042007294937646710177155,入账,0.93,聚合账户,货款结算入账,小店自卖,'6952056441782933189F00,'6952056441782933189,'SS76296750555969295880092,2026-04-14 11:51:19,'3806648837628625645,运费单,,,普通订单,0.98,0.98,0,0,0,0,0,0,0,0,0,0,-0.05,0,0,0,0,0,0,,0,义乌市玫阳电子商务商行（个体工商户）,运费单结算
2026-04-20 07:29:53,'2026042007294930297464677155,入账,5.87,聚合账户,货款结算入账,小店自卖,'6925545561479347858,'6925545561479347858,'SS76297173912839173540216,2026-04-13 06:58:03,'3808318474044965225,中国风孔雀盘发器女生古典旗袍发饰丸子懒人高级感饰品优雅发夹,,,普通订单,6.18,0,0,0,0,0,0,0,0,0,0,0,-0.31,0,0,0,0,0,0,否,0,义乌市玫阳电子商务商行（个体工商户）,订单结算
2026-04-20 07:45:04,'2026042007450204446787067155,入账,8.44,聚合账户,货款结算入账,小店自卖,'6925552864310689620,'6925552864310689620,'SS76295608183762952040127,2026-04-13 09:49:44,'3808318474044965225,中国风孔雀盘发器女生古典旗袍发饰丸子懒人高级感饰品优雅发夹,,,普通订单,8.88,0,0,0,0,0,0,0,0,0,0,0,-0.44,0,0,0,0,0,0,否,0,义乌市玫阳电子商务商行（个体工商户）,订单结算
2026-04-20 07:45:04,'2026042007450108241690017155,入账,3.39,聚合账户,货款结算入账,小店自卖,'6951946155937043786,'6951946155937043786,'SS76296309904572424090065,2026-04-10 12:40:12,'3807215998982029325,2026新款牡丹花羽毛抓夹女高颜值轻奢精致鲨鱼夹高端气质抓夹发饰,,,普通订单,3.57,0,0,0,0,0,0,0,0,0,0,0,-0.18,0,0,0,0,0,0,否,0,义乌市玫阳电子商务商行（个体工商户）,订单结算
2026-04-20 07:45:04,'2026042007450207594314507155,入账,5.96,聚合账户,货款结算入账,小店自卖,'6925477239797153721,'6925477239797153721,'SS76296171034928745370208,2026-04-10 11:11:32,'3807215998982029325,2026新款牡丹花羽毛抓夹女高颜值轻奢精致鲨鱼夹高端气质抓夹发饰,,,普通订单,6.27,0,0,0,0,0,0,0,0,0,0,0,-0.31,0,0,0,0,0,0,否,0,义乌市玫阳电子商务商行（个体工商户）,订单结算
2026-04-20 07:45:04,'2026042007450128021437637155,入账,6.33,聚合账户,货款结算入账,小店自卖,'6951954190706415242,'6951954190706415242,'SS76295522505827825020141,2026-04-10 02:38:02,'3807906097046618343,高级感黑色蝴蝶结抓夹女双面满天星泡泡鲨鱼夹后脑勺显发量发夹,,,普通订单,6.66,0,0,0,0,0,0,0,0,0,0,0,-0.33,0,0,0,0,0,0,否,0,义乌市玫阳电子商务商行（个体工商户）,订单结算
2026-04-20 07:45:04,'2026042007450131300165507155,入账,5.96,聚合账户,货款结算入账,小店自卖,'6925467489676918236,'6925467489676918236,'SS76296171130697654280129,2026-04-09 20:07:23,'3807215998982029325,2026新款牡丹花羽毛抓夹女高颜值轻奢精致鲨鱼夹高端气质抓夹发饰,,,普通订单,6.27,0,0,0,0,0,0,0,0,0,0,0,-0.31,0,0,0,0,0,0,否,0,义乌市玫阳电子商务商行（个体工商户）,订单结算
2026-04-20 07:45:17,'2026042007451321859043947155,入账,4.21,聚合账户,货款结算入账,小店自卖,'6951922625168611013,'6951922625168611013,'SS76295562825421501940221,2026-04-09 18:06:51,'3811083722065838234,高颜值彩色豆豆发圈头绳扎头发马尾丸子头高弹力橡皮筋不伤发发绳,,,普通订单,4.43,0,0,0,0,0,0,0,0,0,0,0,-0.22,0,0,0,0,0,0,,0,义乌市玫阳电子商务商行（个体工商户）,订单结算
2026-04-20 07:45:17,'2026042007451517540718547155,入账,3.4,聚合账户,货款结算入账,精选联盟,'6925623520381664316,'6925623520381664316,'SS76297407553047270550119,2026-04-16 05:20:34,'3808132001588969935,赫本风发夹路易斯蝴蝶结抓夹女盘发高级感鲨鱼夹后脑勺显发量头饰,'0,,普通订单,2.65,0,0,1.13,0,0,0,0,0,0,0,0,-0.19,0,0,0,0,-0.19,0,,0,义乌市玫阳电子商务商行（个体工商户）,订单结算
2026-04-20 07:45:17,'2026042007451329707144197155,入账,3.69,聚合账户,货款结算入账,小店自卖,'6951970312050841018,'6951970312050841018,'SS76296599162067400080243,2026-04-10 14:02:35,'3808132001588969935,赫本风发夹路易斯蝴蝶结抓夹女盘发高级感鲨鱼夹后脑勺显发量头饰,,,普通订单,3.88,0,0,0,0,0,0,0,0,0,0,0,-0.19,0,0,0,0,0,0,,0,义乌市玫阳电子商务商行（个体工商户）,订单结算
2026-04-20 07:45:17,'2026042007451327775798267155,入账,2.46,聚合账户,货款结算入账,小店自卖,'6925483654339788387,'6925483654339788387,'SS76296070277189965320091,2026-04-10 10:53:28,'3811107894108225647,韩系字母插梳女碎发刘海固定高级感头饰新款发夹后脑勺发梳头饰,,,普通订单,1.99,0,0,0.6,0,0,0,0,0,0,0,0,-0.13,0,0,0,0,0,0,否,0,义乌市玫阳电子商务商行（个体工商户）,订单结算
2026-04-20 07:45:17,'2026042007451414904855137155,入账,5.26,聚合账户,货款结算入账,小店自卖,'6925487826335006037,'6925487826335006037,'SS76296068687889700030061,2026-04-10 11:39:22,'3806822440240283911,早秋复古拼色醋酸抓夹女后脑勺盘发夹高级感鲨鱼夹气质百搭款头饰,,,普通订单,4.88,0.98,0,0.66,0,0,0,0,0,0,0,0,-0.28,0,0,0,0,0,0,,0,义乌市玫阳电子商务商行（个体工商户）,订单结算
2026-04-20 07:45:24,'2026042007452013258101857155,入账,2.66,聚合账户,货款结算入账,精选联盟,'6925552675979558184,'6925552675979558184,'SS76295979447878290190042,2026-04-13 08:34:31,'3811086962769658167,韩国发夹横夹头饰妈妈新款盘发后脑勺高档水钻头发大号鸭嘴发发饰,'0,,普通订单,0.01,0,0,2.95,0,0,0,0,0,0,0,0,-0.15,0,0,0,0,-0.15,0,,0,义乌市玫阳电子商务商行（个体工商户）,订单结算
2026-04-20 07:45:24,'2026042007452115695058447155,入账,5.9,聚合账户,货款结算入账,小店自卖,'6951965843308942586,'6951965843308942586,'SS76296599211221652910152,2026-04-10 13:41:40,'3808132001588969935,赫本风发夹路易斯蝴蝶结抓夹女盘发高级感鲨鱼夹后脑勺显发量头饰,,,普通订单,6.21,0,0,0,0,0,0,0,0,0,0,0,-0.31,0,0,0,0,0,0,否,0,义乌市玫阳电子商务商行（个体工商户）,订单结算
2026-04-20 07:45:24,'2026042007452121978813597155,入账,3.29,聚合账户,货款结算入账,巨量千川,'6951946846728820640,'6951946846728820640,'SS76296087722556296140129,2026-04-09 20:07:33,'3808318083261661303,2026新款简约珍珠大肠发圈橡皮筋女扎头发优雅皮套高颜值头绳发饰,,,普通订单,0.46,0,0,3,0,0,0,0,0,0,0,0,-0.17,0,0,0,0,0,0,,0,义乌市玫阳电子商务商行（个体工商户）,订单结算
2026-04-20 07:45:24,'2026042007452128233408357155,入账,5.1,聚合账户,货款结算入账,小店自卖,'6951955995807061777,'6951955995807061777,'SS76295535798801372500203,2026-04-09 21:22:24,'3806822440240283911,早秋复古拼色醋酸抓夹女后脑勺盘发夹高级感鲨鱼夹气质百搭款头饰,,,普通订单,1.37,0.98,0,4,0,0,0,0,0,0,0,0,-0.27,0,0,0,0,0,0,否,0,义乌市玫阳电子商务商行（个体工商户）,订单结算
2026-04-20 07:45:24,'2026042007452120773604197155,入账,5.1,聚合账户,货款结算入账,小店自卖,'6951947684887926571,'6951947684887926571,'SS76295961053093893750200,2026-04-10 10:59:31,'3806822440240283911,早秋复古拼色醋酸抓夹女后脑勺盘发夹高级感鲨鱼夹气质百搭款头饰,,,普通订单,5.37,0.98,0,0,0,0,0,0,0,0,0,0,-0.27,0,0,0,0,0,0,否,0,义乌市玫阳电子商务商行（个体工商户）,订单结算
2026-04-20 07:45:29,'2026042007452607681974267155,入账,4.21,聚合账户,货款结算入账,小店自卖,'6951942419333846582,'6951942419333846582,'SS76295562653297218980024,2026-04-09 20:18:55,'3811083722065838234,高颜值彩色豆豆发圈头绳扎头发马尾丸子头高弹力橡皮筋不伤发发绳,,,普通订单,4.43,0,0,0,0,0,0,0,0,0,0,0,-0.22,0,0,0,0,0,0,否,0,义乌市玫阳电子商务商行（个体工商户）,订单结算
2026-04-20 07:45:29,'2026042007452714262444027155,入账,3.39,聚合账户,货款结算入账,小店自卖,'6951940430593988075,'6951940430593988075,'SS76295575365727073430026,2026-04-09 19:20:45,'3807215998982029325,2026新款牡丹花羽毛抓夹女高颜值轻奢精致鲨鱼夹高端气质抓夹发饰,,,普通订单,3.57,0,0,0,0,0,0,0,0,0,0,0,-0.18,0,0,0,0,0,0,否,0,义乌市玫阳电子商务商行（个体工商户）,订单结算
2026-04-20 07:45:29,'2026042007452601394447877155,入账,0.93,聚合账户,货款结算入账,小店自卖,'6925656417082572702F00,'6925656417082572702,'SS76296807507526950590055,2026-04-17 11:22:57,'3807189984172180222,运费单,,,普通订单,0.98,0.98,0,0,0,0,0,0,0,0,0,0,-0.05,0,0,0,0,0,0,否,0,义乌市玫阳电子商务商行（个体工商户）,运费单结算
2026-04-20 07:45:29,'2026042007452615780131937155,入账,6.55,聚合账户,货款结算入账,小店自卖,'6951942116312946282,'6951942116312946282,'SS76295518143298603620081,2026-04-09 15:42:51,'3808132001588969935,赫本风发夹路易斯蝴蝶结抓夹女盘发高级感鲨鱼夹后脑勺显发量头饰,,,普通订单,6.89,0,0,0,0,0,0,0,0,0,0,0,-0.34,0,0,0,0,0,0,否,0,义乌市玫阳电子商务商行（个体工商户）,订单结算
2026-04-20 07:45:29,'2026042007452539177920467155,入账,3.76,聚合账户,货款结算入账,小店自卖,'6925458201356500402,'6925458201356500402,'SS76295518136872312590035,2026-04-09 15:27:29,'3806822440240283911,早秋复古拼色醋酸抓夹女后脑勺盘发夹高级感鲨鱼夹气质百搭款头饰,,,普通订单,3.96,0,0,0,0,0,0,0,0,0,0,0,-0.2,0,0,0,0,0,0,否,0,义乌市玫阳电子商务商行（个体工商户）,订单结算
2026-04-20 07:45:42,'2026042007453827566904387155,入账,5.9,聚合账户,货款结算入账,小店自卖,'6951963574269712317,'6951963574269712317,'SS76296599077673377700149,2026-04-10 15:20:32,'3808132001588969935,赫本风发夹路易斯蝴蝶结抓夹女盘发高级感鲨鱼夹后脑勺显发量头饰,,,普通订单,6.21,0,0,0,0,0,0,0,0,0,0,0,-0.31,0,0,0,0,0,0,否,0,义乌市玫阳电子商务商行（个体工商户）,订单结算
2026-04-20 07:45:42,'2026042007453810488386947155,入账,4.43,聚合账户,货款结算入账,小店自卖,'6925581971099057600,'6925581971099057600,'SS76296674889008092160102,2026-04-13 20:15:37,'3808317129661481296,玫瑰花朵小抓夹女2026新款前额刘海夹公主头发夹发卡侧边夹子头饰,,,普通订单,4.66,0,0,0,0,0,0,0,0,0,0,0,-0.23,0,0,0,0,0,0,否,0,义乌市玫阳电子商务商行（个体工商户）,订单结算
2026-04-20 08:07:14,'2026042008070623909993377155,出账,1,聚合账户,小额打款,,'6925629389787397438,'6925629389787397438,,,,,,,普通订单,0,0,0,0,0,0,0,0,0,0,0,0,0,0,0,0,0,0,0,,0,义乌市玫阳电子商务商行（个体工商户）,商家向消费者小额打款-“补差价”
2026-04-20 08:07:31,'2026042008072517829893757155,出账,1,聚合账户,小额打款,,'6925661261420330713,'6925661261420330713,,,,,,,普通订单,0,0,0,0,0,0,0,0,0,0,0,0,0,0,0,0,0,0,0,,0,义乌市玫阳电子商务商行（个体工商户）,商家向消费者小额打款-“补差价”
2026-04-20 08:08:24,'2026042008081532267351507155,出账,1,聚合账户,小额打款,,'6951633895538955930,'6951633895538955930,,,,,,,普通订单,0,0,0,0,0,0,0,0,0,0,0,0,0,0,0,0,0,0,0,,0,义乌市玫阳电子商务商行（个体工商户）,商家向消费者小额打款-“补差价”
2026-04-20 09:34:11,'2026042009340735666665597155,出账,2,聚合账户,小额打款,,'6952013986256327902,'6952013986256327902,,,,,,,普通订单,0,0,0,0,0,0,0,0,0,0,0,0,0,0,0,0,0,0,0,,0,义乌市玫阳电子商务商行（个体工商户）,商家向消费者小额打款-“补差价”
2026-04-20 09:47:40,'2026042009473814263754667155,出账,1,聚合账户,小额打款,,'6952029173463586708,'6952029173463586708,,,,,,,普通订单,0,0,0,0,0,0,0,0,0,0,0,0,0,0,0,0,0,0,0,,0,义乌市玫阳电子商务商行（个体工商户）,商家向消费者小额打款-“补差价”
2026-04-20 09:49:22,'2026042009491921445184067155,出账,1,聚合账户,小额打款,,'6952029173463586708,'6952029173463586708,,,,,,,普通订单,0,0,0,0,0,0,0,0,0,0,0,0,0,0,0,0,0,0,0,,0,义乌市玫阳电子商务商行（个体工商户）,商家向消费者小额打款-“补差价”
2026-04-20 09:54:59,'2026042009545629666353077155,入账,7.28,聚合账户,货款结算入账,小店自卖,'6951949365592331453,'6951949365592331453,'SS76295533793057346960226,2026-04-09 20:57:10,'3811104226441036695,黑白时尚！波点蝴蝶结百搭高马尾夹女高级感小众闪钻发抓发饰女夏,,,普通订单,7.66,0,0,0,0,0,0,0,0,0,0,0,-0.38,0,0,0,0,0,0,否,0,义乌市玫阳电子商务商行（个体工商户）,订单结算
2026-04-20 09:54:59,'2026042009545625298865057155,入账,5.87,聚合账户,货款结算入账,小店自卖,'6925537491840564772,'6925537491840564772,'SS76296355589786014980249,2026-04-12 11:25:10,'3808318474044965225,中国风孔雀盘发器女生古典旗袍发饰丸子懒人高级感饰品优雅发夹,,,普通订单,5.57,0,0,0,0,0,0,0,0.61,0,0,0,-0.31,0,0,0,0,0,0,否,0,义乌市玫阳电子商务商行（个体工商户）,订单结算
2026-04-20 09:54:59,'2026042009545606273764387155,入账,3.9,聚合账户,货款结算入账,小店自卖,'6925460487722597434,'6925460487722597434,'SS76295517999852140150078,2026-04-09 15:09:27,'3806822440240283911,早秋复古拼色醋酸抓夹女后脑勺盘发夹高级感鲨鱼夹气质百搭款头饰,,,普通订单,4.11,0,0,0,0,0,0,0,0,0,0,0,-0.21,0,0,0,0,0,0,否,0,义乌市玫阳电子商务商行（个体工商户）,订单结算
2026-04-20 09:54:59,'2026042009545606012936117155,入账,3.39,聚合账户,货款结算入账,小店自卖,'6925474339196206199,'6925474339196206199,'SS76295575387280880990195,2026-04-09 21:14:23,'3807215998982029325,2026新款牡丹花羽毛抓夹女高颜值轻奢精致鲨鱼夹高端气质抓夹发饰,,,普通订单,2.57,0,0,1,0,0,0,0,0,0,0,0,-0.18,0,0,0,0,0,0,否,0,义乌市玫阳电子商务商行（个体工商户）,订单结算
2026-04-20 09:54:59,'2026042009545622828490607155,入账,8.71,聚合账户,货款结算入账,小店自卖,'6951960762473518926,'6951960762473518926,'SS76295522399583767390250,2026-04-10 07:56:49,'3806822440240283911,早秋复古拼色醋酸抓夹女后脑勺盘发夹高级感鲨鱼夹气质百搭款头饰,,,普通订单,9.17,0.98,0,0,0,0,0,0,0,0,0,0,-0.46,0,0,0,0,0,0,否,0,义乌市玫阳电子商务商行（个体工商户）,订单结算
2026-04-20 09:55:09,'2026042009550537386368517155,出账,1,聚合账户,小额打款,,'6925665014871392096,'6925665014871392096,,,,,,,普通订单,0,0,0,0,0,0,0,0,0,0,0,0,0,0,0,0,0,0,0,,0,义乌市玫阳电子商务商行（个体工商户）,商家向消费者小额打款-“补差价”
2026-04-20 09:55:11,'2026042009550803035963517155,入账,3.21,聚合账户,货款结算入账,小店自卖,'6925471677376200619,'6925471677376200619,'SS76295533869190518020183,2026-04-09 20:36:10,'3806648837628625645,春秋新款彩色蝴蝶结发圈女中式双色蝴蝶结大肠发圈格纹小熊发绳,,,普通订单,0.38,0,0,3,0,0,0,0,0,0,0,0,-0.17,0,0,0,0,0,0,,0,义乌市玫阳电子商务商行（个体工商户）,订单结算
2026-04-20 09:55:11,'2026042009550838717691517155,入账,3.03,聚合账户,货款结算入账,小店自卖,'6952055359018833432,'6952055359018833432,'SS76296621497406103380153,2026-04-13 18:45:00,'3807202278725779778,春季宽边绒面发箍女2026新款压发洗脸发卡高级感时尚洋气头箍发饰,,,普通订单,3.19,0,0,0,0,0,0,0,0,0,0,0,-0.16,0,0,0,0,0,0,否,0,义乌市玫阳电子商务商行（个体工商户）,订单结算
2026-04-20 09:55:11,'2026042009550816958758827155,入账,2.81,聚合账户,货款结算入账,巨量千川,'6925497659579596004,'6925497659579596004,'SS76296975290428462460097,2026-04-10 23:36:22,'3811086962769658167,韩国发夹横夹头饰妈妈新款盘发后脑勺高档水钻头发大号鸭嘴发发饰,,,普通订单,0.01,0,0,2.95,0,0,0,0,0,0,0,0,-0.15,0,0,0,0,0,0,,0,义乌市玫阳电子商务商行（个体工商户）,订单结算
2026-04-20 09:55:11,'2026042009550726183972207155,入账,5.68,聚合账户,货款结算入账,小店自卖,'6952033134387664409,'6952033134387664409,'SS76297072848931883610221,2026-04-13 16:47:30,'3807195600034856977,紫色玫瑰花木簪夏季发簪网纱花朵发钗古风簪花头饰气质国风发饰女,,,普通订单,3.58,0,0,2.4,0,0,0,0,0,0,0,0,-0.3,0,0,0,0,0,0,否,0,义乌市玫阳电子商务商行（个体工商户）,订单结算
2026-04-20 09:55:11,'2026042009550740567486077155,入账,5.2,聚合账户,货款结算入账,精选联盟,'6952073689502455005,'6952073689502455005,'SS76296274556592788980035,2026-04-15 15:22:08,'3809969743033663599,2026新款韩系格子方巾大肠发圈高级慵懒风扎马尾发绳头绳大号发饰,'0,,普通订单,2.78,0,0,3,0,0,0,0,0,0,0,0,-0.29,0,0,0,0,-0.29,0,,0,义乌市玫阳电子商务商行（个体工商户）,订单结算
2026-04-20 09:55:12,'2026042009550934403126397155,入账,3.69,聚合账户,货款结算入账,小店自卖,'6951934041092592804,'6951934041092592804,'SS76295536128766451290083,2026-04-09 22:23:14,'3808132001588969935,赫本风发夹路易斯蝴蝶结抓夹女盘发高级感鲨鱼夹后脑勺显发量头饰,,,普通订单,0.28,0,0,3.6,0,0,0,0,0,0,0,0,-0.19,0,0,0,0,0,0,否,0,义乌市玫阳电子商务商行（个体工商户）,订单结算
2026-04-20 09:55:12,'2026042009550921355563877155,入账,3.39,聚合账户,货款结算入账,小店自卖,'6925492546946694772,'6925492546946694772,'SS76296309893293022720170,2026-04-10 14:32:47,'3807215998982029325,2026新款牡丹花羽毛抓夹女高颜值轻奢精致鲨鱼夹高端气质抓夹发饰,,,普通订单,3.37,0,0,0.2,0,0,0,0,0,0,0,0,-0.18,0,0,0,0,0,0,否,0,义乌市玫阳电子商务商行（个体工商户）,订单结算
2026-04-20 09:55:12,'2026042009550939804275617155,入账,8.44,聚合账户,货款结算入账,小店自卖,'6952036831425271049,'6952036831425271049,'SS76296464909985715580230,2026-04-13 11:11:15,'3808318474044965225,中国风孔雀盘发器女生古典旗袍发饰丸子懒人高级感饰品优雅发夹,,,普通订单,6.28,0,0,2.6,0,0,0,0,0,0,0,0,-0.44,0,0,0,0,0,0,否,0,义乌市玫阳电子商务商行（个体工商户）,订单结算
2026-04-20 09:55:12,'2026042009550924876324387155,入账,3.39,聚合账户,货款结算入账,小店自卖,'6951940528235878349,'6951940528235878349,'SS76295573089092408860022,2026-04-09 20:56:52,'3807215998982029325,2026新款牡丹花羽毛抓夹女高颜值轻奢精致鲨鱼夹高端气质抓夹发饰,,,普通订单,0.01,0,0,3.56,0,0,0,0,0,0,0,0,-0.18,0,0,0,0,0,0,否,0,义乌市玫阳电子商务商行（个体工商户）,订单结算
2026-04-20 09:55:12,'2026042009550916117599267155,入账,1.24,聚合账户,货款结算入账,小店自卖,'6951945058936820755,'6951945058936820755,'SS76295533841950149390015,2026-04-09 20:37:52,'3807215998982029325,2026新款牡丹花羽毛抓夹女高颜值轻奢精致鲨鱼夹高端气质抓夹发饰,,,普通订单,0.01,0,0,1.3,0,0,0,0,0,0,0,0,-0.07,0,0,0,0,0,0,否,0,义乌市玫阳电子商务商行（个体工商户）,订单结算
2026-04-20 09:55:23,'2026042009552107131307717155,入账,5.68,聚合账户,货款结算入账,小店自卖,'6925600116793245038,'6925600116793245038,'SS76296686392721085870081,2026-04-15 13:02:18,'3807195600034856977,紫色玫瑰花木簪夏季发簪网纱花朵发钗古风簪花头饰气质国风发饰女,,,普通订单,5.98,0,0,0,0,0,0,0,0,0,0,0,-0.3,0,0,0,0,0,0,否,0,义乌市玫阳电子商务商行（个体工商户）,订单结算
2026-04-20 09:55:23,'2026042009552017396249967155,入账,3.69,聚合账户,货款结算入账,小店自卖,'6925465095038009047,'6925465095038009047,'SS76295533601548869550104,2026-04-09 19:45:24,'3808132001588969935,赫本风发夹路易斯蝴蝶结抓夹女盘发高级感鲨鱼夹后脑勺显发量头饰,,,普通订单,3.88,0,0,0,0,0,0,0,0,0,0,0,-0.19,0,0,0,0,0,0,否,0,义乌市玫阳电子商务商行（个体工商户）,订单结算
2026-04-20 09:55:23,'2026042009552012123018747155,入账,2.75,聚合账户,货款结算入账,小店自卖,'6951956826644223948,'6951956826644223948,'SS76296198524660454800155,2026-04-10 12:36:26,'3807006164051427469,2026新款珍珠扭扭夹精致感百搭一字夹后脑勺高级感发卡发量多发夹,,,普通订单,2.89,0,0,0,0,0,0,0,0,0,0,0,-0.14,0,0,0,0,0,0,否,0,义乌市玫阳电子商务商行（个体工商户）,订单结算
2026-04-20 09:55:24,'2026042009552141155627617155,入账,8.44,聚合账户,货款结算入账,小店自卖,'6951992521189430567,'6951992521189430567,'SS76296481345031706110019,2026-04-11 23:19:46,'3808318474044965225,中国风孔雀盘发器女生古典旗袍发饰丸子懒人高级感饰品优雅发夹,,,普通订单,8.88,0,0,0,0,0,0,0,0,0,0,0,-0.44,0,0,0,0,0,0,否,0,义乌市玫阳电子商务商行（个体工商户）,订单结算
2026-04-20 09:55:24,'2026042009552114905843397155,入账,8.71,聚合账户,货款结算入账,小店自卖,'6925483212806979157,'6925483212806979157,'SS76295522608465021950120,2026-04-10 08:00:30,'3806822440240283911,早秋复古拼色醋酸抓夹女后脑勺盘发夹高级感鲨鱼夹气质百搭款头饰,,,普通订单,7.17,0.98,0,0,0,0,0,0,0,2,0,0,-0.46,0,0,0,0,0,0,否,0,义乌市玫阳电子商务商行（个体工商户）,订单结算
2026-04-20 09:55:24,'2026042009552109532052547155,入账,1.49,聚合账户,货款结算入账,小店自卖,'6925462091938561133,'6925462091938561133,'SS76278331687455296400027,2026-04-09 16:43:51,'3807215998982029325,2026新款牡丹花羽毛抓夹女高颜值轻奢精致鲨鱼夹高端气质抓夹发饰,,,普通订单,3.57,0,0,0,0,0,0,0,0,0,0,-2,-0.08,0,0,0,0,0,0,否,0,义乌市玫阳电子商务商行（个体工商户）,订单结算
2026-04-20 09:55:24,'2026042009552020944325627155,入账,5.87,聚合账户,货款结算入账,小店自卖,'6951992946556802721,'6951992946556802721,'SS76295240865234293820092,2026-04-12 09:38:19,'3808318474044965225,中国风孔雀盘发器女生古典旗袍发饰丸子懒人高级感饰品优雅发夹,,,普通订单,6.18,0,0,0,0,0,0,0,0,0,0,0,-0.31,0,0,0,0,0,0,否,0,义乌市玫阳电子商务商行（个体工商户）,订单结算
2026-04-20 09:55:24,'2026042009552213631659907155,入账,8.7,聚合账户,货款结算入账,精选联盟,'6952028966848173833,'6952028966848173833,'SS76295944704931760740218,2026-04-13 17:59:07,'3809969743033663599,2026新款韩系格子方巾大肠发圈高级慵懒风扎马尾发绳头绳大号发饰,'0,,普通订单,5.83,0,0,3.83,0,0,0,0,0,0,0,0,-0.48,0,0,0,0,-0.48,0,,0,义乌市玫阳电子商务商行（个体工商户）,订单结算
2026-04-20 09:55:24,'2026042009552133388470127155,入账,1.96,聚合账户,货款结算入账,小店自卖,'6925477805734133575,'6925477805734133575,'SS76287705144332296020210,2026-04-09 15:28:33,'3809990713068880312,甜美森系花朵鸭嘴夹女后脑勺盘发超仙新款头饰早春清新高级感发夹,,,普通订单,4.56,0,0,0,0,0,0,0,0,0,0,-2.5,-0.1,0,0,0,0,0,0,,0,义乌市玫阳电子商务商行（个体工商户）,订单结算
2026-04-20 09:55:24,'2026042009552103283197987155,入账,3.39,聚合账户,货款结算入账,小店自卖,'6951945165569529331,'6951945165569529331,'SS76295573052650954590243,2026-04-09 21:40:14,'3807215998982029325,2026新款牡丹花羽毛抓夹女高颜值轻奢精致鲨鱼夹高端气质抓夹发饰,,,普通订单,3.57,0,0,0,0,0,0,0,0,0,0,0,-0.18,0,0,0,0,0,0,否,0,义乌市玫阳电子商务商行（个体工商户）,订单结算
2026-04-20 09:55:29,'2026042009552641566047237155,入账,3.16,聚合账户,货款结算入账,小店自卖,'6951940220071843220,'6951940220071843220,'SS76295518380194862460045,2026-04-09 16:48:45,'3807195600034856977,紫色玫瑰花木簪夏季发簪网纱花朵发钗古风簪花头饰气质国风发饰女,,,普通订单,0.24,0,0,3.09,0,0,0,0,0,0,0,0,-0.17,0,0,0,0,0,0,,0,义乌市玫阳电子商务商行（个体工商户）,订单结算
2026-04-20 09:55:29,'2026042009552615563000587155,入账,2.75,聚合账户,货款结算入账,巨量千川,'6951950299580864413,'6951950299580864413,'SS76295934082603097690142,2026-04-10 11:29:01,'3806833458920161707,樱桃红珠~牛仔蝴蝶结扭扭夹一字抓夹女高级感盘发夹2026新款发饰,,,普通订单,0.01,0,0,2.88,0,0,0,0,0,0,0,0,-0.14,0,0,0,0,0,0,,0,义乌市玫阳电子商务商行（个体工商户）,订单结算
2026-04-20 09:55:29,'2026042009552635824112907155,入账,2.81,聚合账户,货款结算入账,巨量千川,'6951957901068211528,'6951957901068211528,'SS76297556550168251240097,2026-04-11 00:32:22,'3811086962769658167,韩国发夹横夹头饰妈妈新款盘发后脑勺高档水钻头发大号鸭嘴发发饰,,,普通订单,0.01,0,0,2.95,0,0,0,0,0,0,0,0,-0.15,0,0,0,0,0,0,,0,义乌市玫阳电子商务商行（个体工商户）,订单结算
2026-04-20 09:55:29,'2026042009552612083041637155,入账,3.39,聚合账户,货款结算入账,小店自卖,'6925480371610877829,'6925480371610877829,'SS76295574179833121540205,2026-04-09 22:12:35,'3807215998982029325,2026新款牡丹花羽毛抓夹女高颜值轻奢精致鲨鱼夹高端气质抓夹发饰,,,普通订单,0.56,0,0,3.01,0,0,0,0,0,0,0,0,-0.18,0,0,0,0,0,0,,0,义乌市玫阳电子商务商行（个体工商户）,订单结算
2026-04-20 09:55:29,'2026042009552639620122107155,入账,3.06,聚合账户,货款结算入账,巨量千川,'6951966061529142718,'6951966061529142718,'SS76296602592335142490183,2026-04-10 16:16:49,'3811087448025465311,缎面感大肠发圈气质扎头绳女简约丸子头百搭头饰品高级感轻奢显白,,,普通订单,0.16,0,0,3.06,0,0,0,0,0,0,0,0,-0.16,0,0,0,0,0,0,,0,义乌市玫阳电子商务商行（个体工商户）,订单结算
2026-04-20 09:55:39,'2026042009553607010224747155,入账,3.11,聚合账户,货款结算入账,精选联盟,'6952062035572889267,'6952062035572889267,'SS76295938807404465100231,2026-04-14 22:54:17,'3809990713068880312,甜美森系花朵鸭嘴夹女后脑勺盘发超仙新款头饰早春清新高级感发夹,'0,,普通订单,0.45,0,0,3,0,0,0,0,0,0,0,0,-0.17,0,0,0,0,-0.17,0,,0,义乌市玫阳电子商务商行（个体工商户）,订单结算
2026-04-20 09:55:39,'2026042009553722526572037155,入账,2.19,聚合账户,货款结算入账,小店自卖,'6951963588305818658,'6951963588305818658,'SS76296605083370457960005,2026-04-10 15:18:38,'3811107894108225647,韩系字母插梳女碎发刘海固定高级感头饰新款发夹后脑勺发梳头饰,,,普通订单,1.71,0,0,0.6,0,0,0,0,0,0,0,0,-0.12,0,0,0,0,0,0,否,0,义乌市玫阳电子商务商行（个体工商户）,订单结算
2026-04-20 10:07:46,'2026042010074311493548047155,出账,1,聚合账户,小额打款,,'6925665014871392096,'6925665014871392096,,,,,,,普通订单,0,0,0,0,0,0,0,0,0,0,0,0,0,0,0,0,0,0,0,,0,义乌市玫阳电子商务商行（个体工商户）,商家向消费者小额打款-“补差价”
2026-04-20 10:12:38,'2026042010123430329738437155,入账,2.58,聚合账户,货款结算入账,精选联盟,'6925565282081012847,'6925565282081012847,'SS76297223345299300300178,2026-04-13 14:17:03,'3809969743033663599,2026新款韩系格子方巾大肠发圈高级慵懒风扎马尾发绳头绳大号发饰,'0,,普通订单,0.01,0,0,2.85,0,0,0,0,0,0,0,0,-0.14,0,0,0,0,-0.14,0,,0,义乌市玫阳电子商务商行（个体工商户）,订单结算
2026-04-20 10:12:38,'2026042010123514310612897155,入账,3.39,聚合账户,货款结算入账,小店自卖,'6925496924345957725,'6925496924345957725,'SS76296309849183565320155,2026-04-10 15:07:21,'3807215998982029325,2026新款牡丹花羽毛抓夹女高颜值轻奢精致鲨鱼夹高端气质抓夹发饰,,,普通订单,3.57,0,0,0,0,0,0,0,0,0,0,0,-0.18,0,0,0,0,0,0,否,0,义乌市玫阳电子商务商行（个体工商户）,订单结算
2026-04-20 10:12:38,'2026042010123404070118837155,入账,5.1,聚合账户,货款结算入账,小店自卖,'6952064409667770027,'6952064409667770027,'SS76297273209069898340247,2026-04-13 22:38:00,'3806822440240283911,早秋复古拼色醋酸抓夹女后脑勺盘发夹高级感鲨鱼夹气质百搭款头饰,,,普通订单,4.83,0.98,0,0.54,0,0,0,0,0,0,0,0,-0.27,0,0,0,0,0,0,否,0,义乌市玫阳电子商务商行（个体工商户）,订单结算
2026-04-20 10:12:38,'2026042010123417450767517155,入账,3.24,聚合账户,货款结算入账,小店自卖,'6951920461220681528,'6951920461220681528,'SS76272718764904617500006,2026-04-09 15:27:43,'3808132001588969935,赫本风发夹路易斯蝴蝶结抓夹女盘发高级感鲨鱼夹后脑勺显发量头饰,,,普通订单,3.41,0,0,0,0,0,0,0,0,0,0,0,-0.17,0,0,0,0,0,0,否,0,义乌市玫阳电子商务商行（个体工商户）,订单结算
2026-04-20 10:12:38,'2026042010123320480865687155,入账,3.39,聚合账户,货款结算入账,小店自卖,'6951950437095118605,'6951950437095118605,'SS76277720670139845640016,2026-04-10 12:52:26,'3807215998982029325,2026新款牡丹花羽毛抓夹女高颜值轻奢精致鲨鱼夹高端气质抓夹发饰,,,普通订单,3.57,0,0,0,0,0,0,0,0,0,0,0,-0.18,0,0,0,0,0,0,,0,义乌市玫阳电子商务商行（个体工商户）,订单结算
2026-04-20 10:12:38,'2026042010123227987646077155,入账,5.87,聚合账户,货款结算入账,小店自卖,'6925568976712465761,'6925568976712465761,'SS76296355373945328730250,2026-04-14 00:36:42,'3808318474044965225,中国风孔雀盘发器女生古典旗袍发饰丸子懒人高级感饰品优雅发夹,,,普通订单,6.18,0,0,0,0,0,0,0,0,0,0,0,-0.31,0,0,0,0,0,0,否,0,义乌市玫阳电子商务商行（个体工商户）,订单结算
2026-04-20 10:12:38,'2026042010123509037788527155,入账,4.33,聚合账户,货款结算入账,小店自卖,'6925473854050827854,'6925473854050827854,'SS76295518386642949210087,2026-04-09 17:10:13,'3806822440240283911,早秋复古拼色醋酸抓夹女后脑勺盘发夹高级感鲨鱼夹气质百搭款头饰,,,普通订单,4.56,0,0,0,0,0,0,0,0,0,0,0,-0.23,0,0,0,0,0,0,否,0,义乌市玫阳电子商务商行（个体工商户）,订单结算
2026-04-20 10:12:38,'2026042010123427350310807155,入账,3.59,聚合账户,货款结算入账,小店自卖,'6951949931013543257,'6951949931013543257,'SS76295522284546790460153,2026-04-10 07:51:11,'3808132001588969935,赫本风发夹路易斯蝴蝶结抓夹女盘发高级感鲨鱼夹后脑勺显发量头饰,,,普通订单,3.78,0,0,0,0,0,0,0,0,0,0,0,-0.19,0,0,0,0,0,0,否,0,义乌市玫阳电子商务商行（个体工商户）,订单结算
2026-04-20 10:12:39,'2026042010123419193246917155,入账,4.17,聚合账户,货款结算入账,小店自卖,'6925599866785528852,'6925599866785528852,'SS76297044631338235310194,2026-04-15 10:57:28,'3806822440240283911,早秋复古拼色醋酸抓夹女后脑勺盘发夹高级感鲨鱼夹气质百搭款头饰,,,普通订单,0.39,0,0,4,0,0,0,0,0,0,0,0,-0.22,0,0,0,0,0,0,否,0,义乌市玫阳电子商务商行（个体工商户）,订单结算
2026-04-20 10:12:39,'2026042010123600546086837155,入账,3.41,聚合账户,货款结算入账,小店自卖,'6952027702656833316,'6952027702656833316,'SS76295590487946043390099,2026-04-12 23:44:56,'3807767433960358005,自制天使十字架灰色宽边发箍韩版少女头饰简约小兔子猫咪发饰ins,,,普通订单,0.42,0,0,3.17,0,0,0,0,0,0,0,0,-0.18,0,0,0,0,0,0,,0,义乌市玫阳电子商务商行（个体工商户）,订单结算
2026-04-20 10:12:40,'2026042010123704533949787155,入账,9.4,聚合账户,货款结算入账,小店自卖,'6952056441782933189,'6952056441782933189,'SS76296750424982658900019,2026-04-14 11:51:19,'3806648837628625645,春秋新款彩色蝴蝶结发圈女中式双色蝴蝶结大肠发圈格纹小熊发绳,,,普通订单,9.89,0,0,0,0,0,0,0,0,0,0,0,-0.49,0,0,0,0,0,0,,0,义乌市玫阳电子商务商行（个体工商户）,订单结算
2026-04-20 10:12:40,'2026042010123528321223777155,入账,2.19,聚合账户,货款结算入账,小店自卖,'6925448800552189880,'6925448800552189880,'SS76295517900953400320222,2026-04-09 06:26:58,'3811107894108225647,韩系字母插梳女碎发刘海固定高级感头饰新款发夹后脑勺发梳头饰,,,普通订单,2.31,0,0,0,0,0,0,0,0,0,0,0,-0.12,0,0,0,0,0,0,否,0,义乌市玫阳电子商务商行（个体工商户）,订单结算
2026-04-20 10:12:41,'2026042010123617851888797155,入账,7.78,聚合账户,货款结算入账,小店自卖,'6951938347404891200,'6951938347404891200,'SS76295518265431864510154,2026-04-09 17:18:38,'3806822440240283911,早秋复古拼色醋酸抓夹女后脑勺盘发夹高级感鲨鱼夹气质百搭款头饰,,,普通订单,8.19,0,0,0,0,0,0,0,0,0,0,0,-0.41,0,0,0,0,0,0,,0,义乌市玫阳电子商务商行（个体工商户）,订单结算
2026-04-20 10:12:41,'2026042010123739779578887155,入账,3.39,聚合账户,货款结算入账,小店自卖,'6951926674228057817,'6951926674228057817,'SS76295574380354115080169,2026-04-09 16:26:34,'3807215998982029325,2026新款牡丹花羽毛抓夹女高颜值轻奢精致鲨鱼夹高端气质抓夹发饰,,,普通订单,3.57,0,0,0,0,0,0,0,0,0,0,0,-0.18,0,0,0,0,0,0,否,0,义乌市玫阳电子商务商行（个体工商户）,订单结算
2026-04-20 10:12:41,'2026042010123501978701307155,入账,3.58,聚合账户,货款结算入账,精选联盟,'6925571426109980555,'6925571426109980555,'SS76296986356802033160114,2026-04-13 22:44:42,'3807906097046618343,高级感黑色蝴蝶结抓夹女双面满天星泡泡鲨鱼夹后脑勺显发量发夹,'0,,普通订单,3.98,0,0,0,0,0,0,0,0,0,0,0,-0.2,0,0,0,0,-0.2,0,,0,义乌市玫阳电子商务商行（个体工商户）,订单结算
2026-04-20 10:12:49,'2026042010124515269235397155,入账,2.58,聚合账户,货款结算入账,精选联盟,'6925542831943286339,'6925542831943286339,'SS76296447211381601540092,2026-04-12 23:10:59,'3809969743033663599,2026新款韩系格子方巾大肠发圈高级慵懒风扎马尾发绳头绳大号发饰,'0,,普通订单,0.01,0,0,2.85,0,0,0,0,0,0,0,0,-0.14,0,0,0,0,-0.14,0,,0,义乌市玫阳电子商务商行（个体工商户）,订单结算
2026-04-20 10:12:49,'2026042010124410375337027155,入账,2.75,聚合账户,货款结算入账,巨量千川,'6951943573882279632,'6951943573882279632,'SS76296067868487360000212,2026-04-10 13:57:45,'3806833458920161707,樱桃红珠~牛仔蝴蝶结扭扭夹一字抓夹女高级感盘发夹2026新款发饰,,,普通订单,0.01,0,0,2.88,0,0,0,0,0,0,0,0,-0.14,0,0,0,0,0,0,,0,义乌市玫阳电子商务商行（个体工商户）,订单结算
2026-04-20 10:12:49,'2026042010124607971474347155,入账,3.59,聚合账户,货款结算入账,小店自卖,'6951940879507985613,'6951940879507985613,'SS76295522422138803580203,2026-04-10 00:20:49,'3811085218861940964,超仙蝴蝶大号盘发抓夹女2026新款高级感发夹后脑勺鲨鱼夹头饰ins,,,普通订单,1.78,0,0,2,0,0,0,0,0,0,0,0,-0.19,0,0,0,0,0,0,否,0,义乌市玫阳电子商务商行（个体工商户）,订单结算
2026-04-20 10:12:49,'2026042010124429136205237155,入账,5.68,聚合账户,货款结算入账,小店自卖,'6925576232185134316,'6925576232185134316,'SS76296985750308298620129,2026-04-14 10:20:54,'3807195600034856977,紫色玫瑰花木簪夏季发簪网纱花朵发钗古风簪花头饰气质国风发饰女,,,普通订单,0.98,0,0,5,0,0,0,0,0,0,0,0,-0.3,0,0,0,0,0,0,否,0,义乌市玫阳电子商务商行（个体工商户）,订单结算
2026-04-20 10:12:49,'2026042010124514931891627155,入账,3.59,聚合账户,货款结算入账,巨量千川,'6952095680729847498,'6952095680729847498,'SS76296773454987269220095,2026-04-15 12:48:51,'3808132001588969935,赫本风发夹路易斯蝴蝶结抓夹女盘发高级感鲨鱼夹后脑勺显发量头饰,,,普通订单,0.78,0,0,3,0,0,0,0,0,0,0,0,-0.19,0,0,0,0,0,0,,0,义乌市玫阳电子商务商行（个体工商户）,订单结算
2026-04-20 10:34:03,'2026042010335710361413217155,出账,2,聚合账户,小额打款,,'6925677208969772180,'6925677208969772180,,,,,,,普通订单,0,0,0,0,0,0,0,0,0,0,0,0,0,0,0,0,0,0,0,,0,义乌市玫阳电子商务商行（个体工商户）,商家向消费者小额打款-“补差价”
2026-04-20 10:54:25,'2026042010542028825400787155,出账,1,聚合账户,小额打款,,'6952129760353064390,'6952129760353064390,,,,,,,普通订单,0,0,0,0,0,0,0,0,0,0,0,0,0,0,0,0,0,0,0,,0,义乌市玫阳电子商务商行（个体工商户）,商家向消费者小额打款-“补差价”
2026-04-20 10:56:26,'2026042010562112257206117155,出账,1,聚合账户,小额打款,,'6925654980576116042,'6925654980576116042,,,,,,,普通订单,0,0,0,0,0,0,0,0,0,0,0,0,0,0,0,0,0,0,0,,0,义乌市玫阳电子商务商行（个体工商户）,商家向消费者小额打款-“其他”
2026-04-20 11:00:47,'2026042011004324848471047155,出账,1,聚合账户,小额打款,,'6952125137420031463,'6952125137420031463,,,,,,,普通订单,0,0,0,0,0,0,0,0,0,0,0,0,0,0,0,0,0,0,0,,0,义乌市玫阳电子商务商行（个体工商户）,商家向消费者小额打款-“其他”
2026-04-20 11:01:45,'2026042011014122654531067155,出账,1,聚合账户,小额打款,,'6925463532188958432,'6925463532188958432,,,,,,,普通订单,0,0,0,0,0,0,0,0,0,0,0,0,0,0,0,0,0,0,0,,0,义乌市玫阳电子商务商行（个体工商户）,商家向消费者小额打款-“其他”
2026-04-20 11:03:07,'2026042011030323824965277155,出账,1,聚合账户,小额打款,,'6951813578657109312,'6951813578657109312,,,,,,,普通订单,0,0,0,0,0,0,0,0,0,0,0,0,0,0,0,0,0,0,0,,0,义乌市玫阳电子商务商行（个体工商户）,商家向消费者小额打款-“其他”
2026-04-20 11:08:12,'2026042011080739473034307155,出账,1,聚合账户,小额打款,,'6925646515325730732,'6925646515325730732,,,,,,,普通订单,0,0,0,0,0,0,0,0,0,0,0,0,0,0,0,0,0,0,0,,0,义乌市玫阳电子商务商行（个体工商户）,商家向消费者小额打款-“补差价”
2026-04-20 11:26:55,'2026042011265219757839827155,出账,1,聚合账户,小额打款,,'6952066244127495519,'6952066244127495519,,,,,,,普通订单,0,0,0,0,0,0,0,0,0,0,0,0,0,0,0,0,0,0,0,,0,义乌市玫阳电子商务商行（个体工商户）,商家向消费者小额打款-“补差价”
2026-04-20 11:28:02,'2026042011275815141937107155,出账,1,聚合账户,小额打款,,'6952066244127495519,'6952066244127495519,,,,,,,普通订单,0,0,0,0,0,0,0,0,0,0,0,0,0,0,0,0,0,0,0,,0,义乌市玫阳电子商务商行（个体工商户）,商家向消费者小额打款-“补差价”
2026-04-20 11:59:55,'2026042011595017687513707155,出账,2,聚合账户,小额打款,,'6952168548218705076,'6952168548218705076,,,,,,,普通订单,0,0,0,0,0,0,0,0,0,0,0,0,0,0,0,0,0,0,0,,0,义乌市玫阳电子商务商行（个体工商户）,商家向消费者小额打款-“补差价”
2026-04-20 12:18:49,'2026042012184419003313277155,入账,8.44,聚合账户,货款结算入账,小店自卖,'6952035243905521562,'6952035243905521562,'SS76296732826184753050197,2026-04-13 16:38:34,'3808318474044965225,中国风孔雀盘发器女生古典旗袍发饰丸子懒人高级感饰品优雅发夹,,,普通订单,8.88,0,0,0,0,0,0,0,0,0,0,0,-0.44,0,0,0,0,0,0,否,0,义乌市玫阳电子商务商行（个体工商户）,订单结算
2026-04-20 12:18:49,'2026042012184436294494917155,入账,3.57,聚合账户,货款结算入账,小店自卖,'6952023323928369123,'6952023323928369123,'SS76296439812672883290079,2026-04-13 06:27:04,'3808318474044965225,中国风孔雀盘发器女生古典旗袍发饰丸子懒人高级感饰品优雅发夹,,,普通订单,3.76,0,0,0,0,0,0,0,0,0,0,0,-0.19,0,0,0,0,0,0,否,0,义乌市玫阳电子商务商行（个体工商户）,订单结算
2026-04-20 12:18:49,'2026042012184440567769697155,入账,7.76,聚合账户,货款结算入账,精选联盟,'6925633562037026442,'6925633562037026442,'SS76296251138186327390190,2026-04-15 23:38:00,'3806648837628625645,春秋新款彩色蝴蝶结发圈女中式双色蝴蝶结大肠发圈格纹小熊发绳,'0,,普通订单,9.53,0.98,0,1.02,0,0,0,0,0,0,0,-2,-0.42,0,0,0,0,-0.37,0,,0,义乌市玫阳电子商务商行（个体工商户）,订单结算
2026-04-20 12:18:49,'2026042012184510737420907155,入账,1.68,聚合账户,货款结算入账,小店自卖,'6925476996322328315,'6925476996322328315,'SS76295996358830658620090,2026-04-10 08:43:18,'3807018887908819056,新款法式水墨豹纹发夹简约高级感鸭嘴夹醋酸高端侧边夹发卡发饰品,,,普通订单,0.01,0,0,1.76,0,0,0,0,0,0,0,0,-0.09,0,0,0,0,0,0,,0,义乌市玫阳电子商务商行（个体工商户）,订单结算
2026-04-20 12:18:49,'2026042012184539642772997155,入账,2.19,聚合账户,货款结算入账,小店自卖,'6925468503819255629,'6925468503819255629,'SS76295518012237583360248,2026-04-09 13:00:03,'3811107894108225647,韩系字母插梳女碎发刘海固定高级感头饰新款发夹后脑勺发梳头饰,,,普通订单,2.31,0,0,0,0,0,0,0,0,0,0,0,-0.12,0,0,0,0,0,0,,0,义乌市玫阳电子商务商行（个体工商户）,订单结算
2026-04-20 12:18:50,'2026042012184328409861507155,入账,4.14,聚合账户,货款结算入账,小店自卖,'6925464646379601815,'6925464646379601815,'SS76295518315595046810099,2026-04-09 15:49:12,'3806656852113097187,摩卡甜心~韩系复古格纹云朵香蕉夹蝴蝶结飘带发夹学院风马尾竖夹,,,普通订单,0.96,0,0,3.4,0,0,0,0,0,0,0,0,-0.22,0,0,0,0,0,0,,0,义乌市玫阳电子商务商行（个体工商户）,订单结算
2026-04-20 12:18:50,'2026042012184541068628867155,入账,3.24,聚合账户,货款结算入账,小店自卖,'6925464845907427225,'6925464845907427225,'SS76295932505796613530228,2026-04-09 17:29:41,'3807953477045453265,韩系扁头百搭小野氛围波点蝴蝶结抓夹鲨鱼夹半扎发夹气质发饰头饰,,,普通订单,0.41,0,0,3,0,0,0,0,0,0,0,0,-0.17,0,0,0,0,0,0,,0,义乌市玫阳电子商务商行（个体工商户）,订单结算
2026-04-20 12:18:51,'2026042012184631403586567155,入账,3.06,聚合账户,货款结算入账,巨量千川,'6952004490599535693,'6952004490599535693,'SS76294044723980372910134,2026-04-12 12:40:46,'3811087448025465311,缎面感大肠发圈气质扎头绳女简约丸子头百搭头饰品高级感轻奢显白,,,普通订单,0.01,0,0,3.21,0,0,0,0,0,0,0,0,-0.16,0,0,0,0,0,0,,0,义乌市玫阳电子商务商行（个体工商户）,订单结算
2026-04-20 12:18:51,'2026042012184420685788797155,入账,3.39,聚合账户,货款结算入账,小店自卖,'6925464991942868722,'6925464991942868722,'SS76295573209596726100108,2026-04-09 18:28:18,'3807215998982029325,2026新款牡丹花羽毛抓夹女高颜值轻奢精致鲨鱼夹高端气质抓夹发饰,,,普通订单,3.57,0,0,0,0,0,0,0,0,0,0,0,-0.18,0,0,0,0,0,0,否,0,义乌市玫阳电子商务商行（个体工商户）,订单结算
2026-04-20 12:18:51,'2026042012184600126530657155,入账,4.17,聚合账户,货款结算入账,小店自卖,'6952049906970662457,'6952049906970662457,'SS76296248815206243840061,2026-04-14 13:17:02,'3806822440240283911,早秋复古拼色醋酸抓夹女后脑勺盘发夹高级感鲨鱼夹气质百搭款头饰,,,普通订单,4.39,0,0,0,0,0,0,0,0,0,0,0,-0.22,0,0,0,0,0,0,否,0,义乌市玫阳电子商务商行（个体工商户）,订单结算
2026-04-20 12:18:51,'2026042012184524457715567155,入账,3.57,聚合账户,货款结算入账,小店自卖,'6952014263660648127,'6952014263660648127,'SS76296713963097464720124,2026-04-12 22:41:01,'3808318474044965225,中国风孔雀盘发器女生古典旗袍发饰丸子懒人高级感饰品优雅发夹,,,普通订单,3.76,0,0,0,0,0,0,0,0,0,0,0,-0.19,0,0,0,0,0,0,否,0,义乌市玫阳电子商务商行（个体工商户）,订单结算
2026-04-20 12:18:51,'2026042012184624127250357155,入账,8.7,聚合账户,货款结算入账,精选联盟,'6952056441782998725,'6952056441782933189,'SS76296750555968968200216,2026-04-14 11:51:19,'3809969743033663599,2026新款韩系格子方巾大肠发圈高级慵懒风扎马尾发绳头绳大号发饰,'0,,普通订单,9.66,0,0,0,0,0,0,0,0,0,0,0,-0.48,0,0,0,0,-0.48,0,,0,义乌市玫阳电子商务商行（个体工商户）,订单结算
2026-04-20 12:51:28,'2026042012512413940700167155,出账,2,聚合账户,小额打款,,'6952161431228126434,'6952161431228126434,,,,,,,普通订单,0,0,0,0,0,0,0,0,0,0,0,0,0,0,0,0,0,0,0,,0,义乌市玫阳电子商务商行（个体工商户）,商家向消费者小额打款-“补差价”
2026-04-20 12:52:11,'2026042012520727743363197155,入账,8.3,聚合账户,货款结算入账,小店自卖,'6925542909251976756,'6925542909251976756,'SS76295623960765609460085,2026-04-12 23:36:09,'3806648837628625645,春秋新款彩色蝴蝶结发圈女中式双色蝴蝶结大肠发圈格纹小熊发绳,,,普通订单,4.74,0,0,0,0,0,0,0,4,0,0,0,-0.44,0,0,0,0,0,0,否,0,义乌市玫阳电子商务商行（个体工商户）,订单结算
2026-04-20 12:52:11,'2026042012520816235443557155,入账,3.39,聚合账户,货款结算入账,小店自卖,'6951954283975743197,'6951954283975743197,'SS76295575506590151830130,2026-04-10 08:07:11,'3807215998982029325,2026新款牡丹花羽毛抓夹女高颜值轻奢精致鲨鱼夹高端气质抓夹发饰,,,普通订单,0.01,0,0,3.56,0,0,0,0,0,0,0,0,-0.18,0,0,0,0,0,0,,0,义乌市玫阳电子商务商行（个体工商户）,订单结算
2026-04-20 12:52:11,'2026042012520731079798397155,入账,5.49,聚合账户,货款结算入账,小店自卖,'6925597677964787681,'6925597677964787681,'SS76295581781574292740007,2026-04-15 10:08:56,'3809969743033663599,2026新款韩系格子方巾大肠发圈高级慵懒风扎马尾发绳头绳大号发饰,,,普通订单,5.78,0,0,0,0,0,0,0,0,0,0,0,-0.29,0,0,0,0,0,0,否,0,义乌市玫阳电子商务商行（个体工商户）,订单结算
2026-04-20 12:52:11,'2026042012520811296611907155,入账,3.59,聚合账户,货款结算入账,小店自卖,'6952003924909561214,'6952003924909561214,'SS76293919324440008190211,2026-04-12 01:39:24,'3808132001588969935,赫本风发夹路易斯蝴蝶结抓夹女盘发高级感鲨鱼夹后脑勺显发量头饰,,,普通订单,3.78,0,0,0,0,0,0,0,0,0,0,0,-0.19,0,0,0,0,0,0,否,0,义乌市玫阳电子商务商行（个体工商户）,订单结算
2026-04-20 12:52:11,'2026042012520725466642077155,入账,2.66,聚合账户,货款结算入账,精选联盟,'6951980615110038670,'6951980615110038670,'SS76296852094196293630081,2026-04-11 13:51:39,'3807348934460965214,大号13CM抓夹新款气质高级亮黑色夹鲨鱼发夹夹子女后脑勺发卡头饰,'0,,普通订单,0.01,0,0,2.95,0,0,0,0,0,0,0,0,-0.15,0,0,0,0,-0.15,0,,0,义乌市玫阳电子商务商行（个体工商户）,订单结算
2026-04-20 12:52:11,'2026042012520802743836527155,入账,8.71,聚合账户,货款结算入账,小店自卖,'6925480677626838453,'6925480677626838453,'SS76295522424078832990138,2026-04-10 02:03:04,'3806822440240283911,早秋复古拼色醋酸抓夹女后脑勺盘发夹高级感鲨鱼夹气质百搭款头饰,,,普通订单,9.17,0.98,0,0,0,0,0,0,0,0,0,0,-0.46,0,0,0,0,0,0,否,0,义乌市玫阳电子商务商行（个体工商户）,订单结算
2026-04-20 12:52:11,'2026042012520721527270597155,入账,2.81,聚合账户,货款结算入账,巨量千川,'6925533452635176926,'6925533452635176926,'SS76297243100887127450227,2026-04-12 13:35:22,'3811086962769658167,韩国发夹横夹头饰妈妈新款盘发后脑勺高档水钻头发大号鸭嘴发发饰,,,普通订单,0.01,0,0,2.95,0,0,0,0,0,0,0,0,-0.15,0,0,0,0,0,0,,0,义乌市玫阳电子商务商行（个体工商户）,订单结算
2026-04-20 12:52:11,'2026042012520711418875247155,入账,3.57,聚合账户,货款结算入账,小店自卖,'6951931639695414877,'6951931639695414877,'SS76295533494032635420182,2026-04-09 19:00:57,'3808318474044965225,中国风孔雀盘发器女生古典旗袍发饰丸子懒人高级感饰品优雅发夹,,,普通订单,3.76,0,0,0,0,0,0,0,0,0,0,0,-0.19,0,0,0,0,0,0,否,0,义乌市玫阳电子商务商行（个体工商户）,订单结算
2026-04-20 13:38:48,'2026042013384420270287367155,出账,2,聚合账户,小额打款,,'6925681974725214108,'6925681974725214108,,,,,,,普通订单,0,0,0,0,0,0,0,0,0,0,0,0,0,0,0,0,0,0,0,,0,义乌市玫阳电子商务商行（个体工商户）,商家向消费者小额打款-“补差价”
2026-04-20 14:05:55,'2026042014055015698987987155,入账,5.57,聚合账户,货款结算入账,小店自卖,'6952083472119764045,'6952083472119764045,'SS76297043735218263440150,2026-04-14 17:55:46,'3809969743033663599,2026新款韩系格子方巾大肠发圈高级慵懒风扎马尾发绳头绳大号发饰,,,普通订单,0.86,0,0,5,0,0,0,0,0,0,0,0,-0.29,0,0,0,0,0,0,否,0,义乌市玫阳电子商务商行（个体工商户）,订单结算
2026-04-20 14:05:55,'2026042014055004579827747155,入账,3.39,聚合账户,货款结算入账,小店自卖,'6925476037783944589,'6925476037783944589,'SS76295576611103869950233,2026-04-09 20:08:52,'3807215998982029325,2026新款牡丹花羽毛抓夹女高颜值轻奢精致鲨鱼夹高端气质抓夹发饰,,,普通订单,1.57,0,0,2,0,0,0,0,0,0,0,0,-0.18,0,0,0,0,0,0,否,0,义乌市玫阳电子商务商行（个体工商户）,订单结算
2026-04-20 14:05:55,'2026042014054839581005187155,入账,2.5,聚合账户,货款结算入账,巨量千川,'6951960914997155649,'6951960914997155649,'SS76296546850286640640233,2026-04-10 09:28:47,'3811087448025465311,缎面感大肠发圈气质扎头绳女简约丸子头百搭头饰品高级感轻奢显白,,,普通订单,0.01,0,0,2.62,0,0,0,0,0,0,0,0,-0.13,0,0,0,0,0,0,,0,义乌市玫阳电子商务商行（个体工商户）,订单结算
2026-04-20 14:05:55,'2026042014055002020477807155,入账,1.58,聚合账户,货款结算入账,巨量千川,'6925471118125268847,'6925471118125268847,'SS76295518269831744350052,2026-04-09 15:34:09,'3806822440240283911,早秋复古拼色醋酸抓夹女后脑勺盘发夹高级感鲨鱼夹气质百搭款头饰,,,普通订单,0.01,0,0,1.65,0,0,0,0,0,0,0,0,-0.08,0,0,0,0,0,0,,0,义乌市玫阳电子商务商行（个体工商户）,订单结算
2026-04-20 14:05:55,'2026042014055019003313077155,入账,3.59,聚合账户,货款结算入账,小店自卖,'6925521483314397158,'6925521483314397158,'SS76295703356705510900194,2026-04-11 23:17:48,'3808132001588969935,赫本风发夹路易斯蝴蝶结抓夹女盘发高级感鲨鱼夹后脑勺显发量头饰,,,普通订单,0.18,0,0,3.6,0,0,0,0,0,0,0,0,-0.19,0,0,0,0,0,0,否,0,义乌市玫阳电子商务商行（个体工商户）,订单结算
2026-04-20 14:09:05,'2026042014085739273925587155,入账,2.46,聚合账户,货款结算入账,小店自卖,'6951913176593077594,'6951913176593077594,'SS76295517980845675870238,2026-04-09 13:23:58,'3811107894108225647,韩系字母插梳女碎发刘海固定高级感头饰新款发夹后脑勺发梳头饰,,,普通订单,0.01,0,0,2.58,0,0,0,0,0,0,0,0,-0.13,0,0,0,0,0,0,,0,义乌市玫阳电子商务商行（个体工商户）,订单结算
2026-04-20 14:09:05,'2026042014085936602230267155,入账,2.81,聚合账户,货款结算入账,巨量千川,'6951996468525275068,'6951996468525275068,'SS76295724485973445470152,2026-04-11 20:05:31,'3811086962769658167,韩国发夹横夹头饰妈妈新款盘发后脑勺高档水钻头发大号鸭嘴发发饰,,,普通订单,0.68,0,0,2.28,0,0,0,0,0,0,0,0,-0.15,0,0,0,0,0,0,,0,义乌市玫阳电子商务商行（个体工商户）,订单结算
2026-04-20 14:09:05,'2026042014085914485755147155,入账,2.5,聚合账户,货款结算入账,巨量千川,'6951978370150241351,'6951978370150241351,'SS76297246668401549300054,2026-04-11 09:04:29,'3811087448025465311,缎面感大肠发圈气质扎头绳女简约丸子头百搭头饰品高级感轻奢显白,,,普通订单,0.01,0,0,2.62,0,0,0,0,0,0,0,0,-0.13,0,0,0,0,0,0,,0,义乌市玫阳电子商务商行（个体工商户）,订单结算
2026-04-20 14:09:05,'2026042014090008452016747155,入账,9.18,聚合账户,货款结算入账,小店自卖,'6952084843403679572,'6952084843403679572,'SS76295872019441917630180,2026-04-15 12:54:12,'3809969743033663599,2026新款韩系格子方巾大肠发圈高级慵懒风扎马尾发绳头绳大号发饰,,,普通订单,6.66,0,0,3,0,0,0,0,0,0,0,0,-0.48,0,0,0,0,0,0,否,0,义乌市玫阳电子商务商行（个体工商户）,订单结算
2026-04-20 14:09:06,'2026042014090029412887677155,入账,3.21,聚合账户,货款结算入账,小店自卖,'6925476486342868018,'6925476486342868018,'SS76295575502122194380196,2026-04-09 23:02:17,'3807215998982029325,2026新款牡丹花羽毛抓夹女高颜值轻奢精致鲨鱼夹高端气质抓夹发饰,,,普通订单,0.56,0,0,3.01,0,0,0,0,0,0,0,0,-0.18,0,0,0,0,-0.18,0,,0,义乌市玫阳电子商务商行（个体工商户）,订单结算
2026-04-20 14:09:06,'2026042014085739693033227155,入账,2.81,聚合账户,货款结算入账,巨量千川,'6952030396136363713,'6952030396136363713,'SS76296285808403256320025,2026-04-13 12:38:41,'3811086962769658167,韩国发夹横夹头饰妈妈新款盘发后脑勺高档水钻头发大号鸭嘴发发饰,,,普通订单,0.01,0,0,2.95,0,0,0,0,0,0,0,0,-0.15,0,0,0,0,0,0,,0,义乌市玫阳电子商务商行（个体工商户）,订单结算
2026-04-20 14:09:06,'2026042014085939639457647155,入账,2.58,聚合账户,货款结算入账,精选联盟,'6925527761554930762,'6925527761554930762,'SS76295919783990277660011,2026-04-11 21:06:00,'3809969743033663599,2026新款韩系格子方巾大肠发圈高级慵懒风扎马尾发绳头绳大号发饰,'0,,普通订单,0.01,0,0,2.85,0,0,0,0,0,0,0,0,-0.14,0,0,0,0,-0.14,0,,0,义乌市玫阳电子商务商行（个体工商户）,订单结算
2026-04-20 14:09:06,'2026042014085900928486947155,入账,4.43,聚合账户,货款结算入账,小店自卖,'6925487466534108313,'6925487466534108313,'SS76295928583368586330160,2026-04-10 09:21:56,'3808322541261553780,新款水钻珠子花朵6厘米中号抓夹后脑勺洋气盘发夹时尚半扎鲨鱼夹,,,普通订单,3.27,0,0,1.39,0,0,0,0,0,0,0,0,-0.23,0,0,0,0,0,0,,0,义乌市玫阳电子商务商行（个体工商户）,订单结算
2026-04-20 14:09:06,'2026042014090100931596867155,入账,3.16,聚合账户,货款结算入账,小店自卖,'6925587319762550350,'6925587319762550350,'SS76297313453212308480029,2026-04-14 20:18:47,'3807195600034856977,紫色玫瑰花木簪夏季发簪网纱花朵发钗古风簪花头饰气质国风发饰女,,,普通订单,0.01,0,0,3.32,0,0,0,0,0,0,0,0,-0.17,0,0,0,0,0,0,否,0,义乌市玫阳电子商务商行（个体工商户）,订单结算
2026-04-20 14:09:06,'2026042014090133892436907155,入账,2.81,聚合账户,货款结算入账,巨量千川,'6925550576380509387,'6925550576380509387,'SS76296709813421020510061,2026-04-13 12:55:52,'3811086962769658167,韩国发夹横夹头饰妈妈新款盘发后脑勺高档水钻头发大号鸭嘴发发饰,,,普通订单,0.01,0,0,2.95,0,0,0,0,0,0,0,0,-0.15,0,0,0,0,0,0,,0,义乌市玫阳电子商务商行（个体工商户）,订单结算
2026-04-20 14:09:06,'2026042014085830041214077155,入账,2.79,聚合账户,货款结算入账,精选联盟,'6925608327627898677,'6925608327627898677,'SS76296710794891105740248,2026-04-14 23:22:45,'3807202897150738452,2026新款玫瑰双面花朵抓夹女新中式后脑勺盘发发夹中号鲨鱼夹头饰,'0,,普通订单,0.11,0,0,3,0,0,0,0,0,0,0,0,-0.16,0,0,0,0,-0.16,0,,0,义乌市玫阳电子商务商行（个体工商户）,订单结算
2026-04-20 14:09:06,'2026042014090104488072317155,入账,2.58,聚合账户,货款结算入账,精选联盟,'6925578373538414236,'6925578373538414236,'SS76296867481298376140139,2026-04-14 08:38:39,'3809969743033663599,2026新款韩系格子方巾大肠发圈高级慵懒风扎马尾发绳头绳大号发饰,'0,,普通订单,0.01,0,0,2.85,0,0,0,0,0,0,0,0,-0.14,0,0,0,0,-0.14,0,,0,义乌市玫阳电子商务商行（个体工商户）,订单结算
2026-04-20 14:09:06,'2026042014085934026458027155,入账,3.39,聚合账户,货款结算入账,小店自卖,'6925485029167496544,'6925485029167496544,'SS76295574170200192460228,2026-04-10 09:02:35,'3807215998982029325,2026新款牡丹花羽毛抓夹女高颜值轻奢精致鲨鱼夹高端气质抓夹发饰,,,普通订单,0.57,0,0,3,0,0,0,0,0,0,0,0,-0.18,0,0,0,0,0,0,,0,义乌市玫阳电子商务商行（个体工商户）,订单结算
2026-04-20 14:09:06,'2026042014090007309074117155,入账,9.18,聚合账户,货款结算入账,小店自卖,'6925560379899215738,'6925560379899215738,'SS76295802656440978180241,2026-04-12 22:25:39,'3809969743033663599,2026新款韩系格子方巾大肠发圈高级慵懒风扎马尾发绳头绳大号发饰,,,普通订单,8.86,0,0,0.8,0,0,0,0,0,0,0,0,-0.48,0,0,0,0,0,0,否,0,义乌市玫阳电子商务商行（个体工商户）,订单结算
2026-04-20 14:57:48,'2026042014574002441060357155,出账,2,聚合账户,小额打款,,'6952130324534858906,'6952130324534858906,,,,,,,普通订单,0,0,0,0,0,0,0,0,0,0,0,0,0,0,0,0,0,0,0,,0,义乌市玫阳电子商务商行（个体工商户）,商家向消费者小额打款-“补差价”
2026-04-20 15:01:00,'2026042015005029494973447155,出账,2,聚合账户,小额打款,,'6952037910156219801,'6952037910156219801,,,,,,,普通订单,0,0,0,0,0,0,0,0,0,0,0,0,0,0,0,0,0,0,0,,0,义乌市玫阳电子商务商行（个体工商户）,商家向消费者小额打款-“补差价”
2026-04-20 15:06:20,'2026042015061310975196707155,出账,1200,聚合账户,提现,,,,,,,,,,普通订单,0,0,0,0,0,0,0,0,0,0,0,0,0,0,0,0,0,0,0,,0,义乌市玫阳电子商务商行（个体工商户）,提现
2026-04-20 15:09:12,'2026042015090439975493557155,入账,3.38,聚合账户,货款结算入账,精选联盟,'6925593369806929304,'6925593369806929304,'SS76296972819103585910100,2026-04-14 12:25:09,'3808318474044965225,中国风孔雀盘发器女生古典旗袍发饰丸子懒人高级感饰品优雅发夹,'0,,普通订单,3.57,0,0,0.19,0,0,0,0,0,0,0,0,-0.19,0,0,0,0,-0.19,0,,0,义乌市玫阳电子商务商行（个体工商户）,订单结算
2026-04-20 15:09:12,'2026042015090510323727467155,入账,6.33,聚合账户,货款结算入账,小店自卖,'6951931508720538829,'6951931508720538829,'SS76296540100396490510012,2026-04-09 17:54:29,'3807906097046618343,高级感黑色蝴蝶结抓夹女双面满天星泡泡鲨鱼夹后脑勺显发量发夹,,,普通订单,3.66,0,0,3,0,0,0,0,0,0,0,0,-0.33,0,0,0,0,0,0,,0,义乌市玫阳电子商务商行（个体工商户）,订单结算
2026-04-20 16:13:13,'2026042016130341901430117155,出账,2,聚合账户,小额打款,,'6952183652475999247,'6952183652475999247,,,,,,,普通订单,0,0,0,0,0,0,0,0,0,0,0,0,0,0,0,0,0,0,0,,0,义乌市玫阳电子商务商行（个体工商户）,商家向消费者小额打款-“补差价”
2026-04-20 16:51:03,'2026042016505029238233797155,出账,2,聚合账户,小额打款,,'6925665657516620995,'6925665657516620995,,,,,,,普通订单,0,0,0,0,0,0,0,0,0,0,0,0,0,0,0,0,0,0,0,,0,义乌市玫阳电子商务商行（个体工商户）,商家向消费者小额打款-“补差价”
2026-04-20 17:30:52,'2026042017303801773082007155,出账,2,聚合账户,小额打款,,'6952149055921919967,'6952149055921919967,,,,,,,普通订单,0,0,0,0,0,0,0,0,0,0,0,0,0,0,0,0,0,0,0,,0,义乌市玫阳电子商务商行（个体工商户）,商家向消费者小额打款-“补差价”
2026-04-20 17:37:04,'2026042017364801273372437155,出账,2,聚合账户,小额打款,,'6925584204932414483,'6925584204932414483,,,,,,,普通订单,0,0,0,0,0,0,0,0,0,0,0,0,0,0,0,0,0,0,0,,0,义乌市玫阳电子商务商行（个体工商户）,商家向消费者小额打款-“补差价”
2026-04-20 17:37:32,'2026042017371720105467287155,出账,2,聚合账户,小额打款,,'6952180695896757488,'6952180695896757488,,,,,,,普通订单,0,0,0,0,0,0,0,0,0,0,0,0,0,0,0,0,0,0,0,,0,义乌市玫阳电子商务商行（个体工商户）,商家向消费者小额打款-“补差价”
2026-04-20 17:41:51,'2026042017413703700006927155,出账,2,聚合账户,小额打款,,'6925623450294517671,'6925623450294517671,,,,,,,普通订单,0,0,0,0,0,0,0,0,0,0,0,0,0,0,0,0,0,0,0,,0,义乌市玫阳电子商务商行（个体工商户）,商家向消费者小额打款-“补差价”
2026-04-20 17:51:37,'2026042017512924254881287155,出账,2,聚合账户,小额打款,,'6952138839573927606,'6952138839573927606,,,,,,,普通订单,0,0,0,0,0,0,0,0,0,0,0,0,0,0,0,0,0,0,0,,0,义乌市玫阳电子商务商行（个体工商户）,商家向消费者小额打款-“补差价”
2026-04-20 18:16:26,'2026042018161301975752067155,出账,2,聚合账户,小额打款,,'6925638787918822787,'6925638787918822787,,,,,,,普通订单,0,0,0,0,0,0,0,0,0,0,0,0,0,0,0,0,0,0,0,,0,义乌市玫阳电子商务商行（个体工商户）,商家向消费者小额打款-“补差价”
2026-04-20 18:21:20,'2026042018210805243868667155,出账,2,聚合账户,小额打款,,'6925623520381664316,'6925623520381664316,,,,,,,普通订单,0,0,0,0,0,0,0,0,0,0,0,0,0,0,0,0,0,0,0,,0,义乌市玫阳电子商务商行（个体工商户）,商家向消费者小额打款-“补差价”
2026-04-20 18:40:09,'2026042018395932594004917155,出账,2,聚合账户,小额打款,,'6952161927260411252,'6952161927260411252,,,,,,,普通订单,0,0,0,0,0,0,0,0,0,0,0,0,0,0,0,0,0,0,0,,0,义乌市玫阳电子商务商行（个体工商户）,商家向消费者小额打款-“补差价”
2026-04-20 18:48:49,'2026042018483705040054037155,出账,2,聚合账户,小额打款,,'6952136650566801309,'6952136650566801309,,,,,,,普通订单,0,0,0,0,0,0,0,0,0,0,0,0,0,0,0,0,0,0,0,,0,义乌市玫阳电子商务商行（个体工商户）,商家向消费者小额打款-“补差价”
2026-04-20 18:49:09,'2026042018485600468301267155,出账,2,聚合账户,小额打款,,'6925672418030222907,'6925672418030222907,,,,,,,普通订单,0,0,0,0,0,0,0,0,0,0,0,0,0,0,0,0,0,0,0,,0,义乌市玫阳电子商务商行（个体工商户）,商家向消费者小额打款-“补差价”
2026-04-20 19:03:42,'2026042019033114051581987155,出账,2,聚合账户,小额打款,,'6952160438852720419,'6952160438852720419,,,,,,,普通订单,0,0,0,0,0,0,0,0,0,0,0,0,0,0,0,0,0,0,0,,0,义乌市玫阳电子商务商行（个体工商户）,商家向消费者小额打款-“补差价”
2026-04-20 20:05:07,'2026042020045503449697707155,出账,2,聚合账户,小额打款,,'6925688716586155015,'6925688716586155015,,,,,,,普通订单,0,0,0,0,0,0,0,0,0,0,0,0,0,0,0,0,0,0,0,,0,义乌市玫阳电子商务商行（个体工商户）,商家向消费者小额打款-“补差价”
2026-04-20 20:51:39,'2026042020512716903747067155,出账,2,聚合账户,小额打款,,'6925694126399913928,'6925694126399913928,,,,,,,普通订单,0,0,0,0,0,0,0,0,0,0,0,0,0,0,0,0,0,0,0,,0,义乌市玫阳电子商务商行（个体工商户）,商家向消费者小额打款-“补差价”
2026-04-20 21:53:14,'2026042021530121918687187155,出账,2,聚合账户,小额打款,,'6925677665325120758,'6925677665325120758,,,,,,,普通订单,0,0,0,0,0,0,0,0,0,0,0,0,0,0,0,0,0,0,0,,0,义乌市玫阳电子商务商行（个体工商户）,商家向消费者小额打款-“补差价”
2026-04-20 22:19:46,'2026042022193401855332247155,出账,2,聚合账户,小额打款,,'6952159911141578318,'6952159911141578318,,,,,,,普通订单,0,0,0,0,0,0,0,0,0,0,0,0,0,0,0,0,0,0,0,,0,义乌市玫阳电子商务商行（个体工商户）,商家向消费者小额打款-“补差价”
2026-04-20 22:21:20,'2026042022210722995113067155,出账,2,聚合账户,小额打款,,'6925607548634168697,'6925607548634168697,,,,,,,普通订单,0,0,0,0,0,0,0,0,0,0,0,0,0,0,0,0,0,0,0,,0,义乌市玫阳电子商务商行（个体工商户）,商家向消费者小额打款-“补差价”
